{
  "Version": 3,
  "Meta": {
    "Duration": 3.25,
    "Fps": 60.0,
    "Loop": true,
    "AreBeziersRestricted": true,
    "CurveCount": 42,
    "UserDataCount": 0,
    "TotalSegmentCount": 143,
    "TotalPointCount": 161,
    "TotalUserDataSize": 0
  },
  "Curves": [
    {
      "Target": "Parameter",
      "Id": "ParamEyeTeary",
      "Segments": [
        0,
        0,
        0,
        0.167,
        1,
        0,
        0.333,
        0,
        0,
        0.5,
        1,
        0,
        0.667,
        0,
        0,
        0.833,
        1,
        0,
        1,
        0,
        0,
        1.167,
        1,
        0,
        1.333,
        0,
        0,
        1.5,
        1,
        0,
        1.667,
        0,
        0,
        1.833,
        1,
        0,
        2,
        0,
        0,
        2.167,
        1,
        0,
        2.333,
        0,
        0,
        2.5,
        1,
        0,
        2.667,
        0,
        0,
        2.833,
        1,
        0,
        3,
        0,
        0,
        3.167,
        1,
        1,
        3.195,
        1,
        3.222,
        0.75,
        3.25,
        0.5
      ]
    },
    {
      "Target": "Parameter",
      "Id": "ParamTear3",
      "Segments": [
        0,
        -1,
        0,
        0.017,
        -1,
        1,
        0.022,
        -1,
        0.028,
        -0.01,
        0.033,
        0,
        1,
        0.411,
        0.676,
        0.789,
        1.0,
        1.167,
        1,
        0,
        1.267,
        0,
        2,
        1.583,
        0,
        0,
        2.383,
        0.6,
        0,
        3.017,
        -1,
        2,
        3.25,
        -1
      ]
    },
    {
      "Target": "Parameter",
      "Id": "ParamTearR",
      "Segments": [
        0,
        0,
        0,
        0.017,
        10,
        0,
        0.033,
        9,
        2,
        0.333,
        9,
        2,
        0.833,
        9,
        2,
        1.167,
        9,
        1,
        1.25,
        9,
        1.334,
        2.701,
        1.417,
        2.5,
        1,
        1.611,
        2.032,
        1.806,
        2.0,
        2,
        2,
        2,
        2.4,
        2,
        0,
        2.65,
        0,
        2,
        3.233,
        0,
        1,
        3.239,
        0,
        3.244,
        10.0,
        3.25,
        10
      ]
    },
    {
      "Target": "Parameter",
      "Id": "ParamTearHighlightR",
      "Segments": [
        0,
        0,
        0,
        2.367,
        0,
        0,
        2.467,
        1,
        0,
        2.567,
        0,
        2,
        3.25,
        0
      ]
    },
    {
      "Target": "Parameter",
      "Id": "ParamTear4",
      "Segments": [
        0,
        -1,
        0,
        0.017,
        -1,
        2,
        0.033,
        -1,
        0,
        1.483,
        1,
        0,
        1.583,
        0,
        2,
        1.9,
        0,
        0,
        2.7,
        0.6,
        0,
        3.017,
        -1,
        2,
        3.25,
        -1
      ]
    },
    {
      "Target": "Parameter",
      "Id": "ParamTearL",
      "Segments": [
        0,
        0,
        0,
        0.017,
        10,
        0,
        0.033,
        9,
        0,
        0.333,
        10,
        0,
        0.65,
        9,
        2,
        1.15,
        9,
        2,
        1.483,
        9,
        1,
        1.566,
        9,
        1.65,
        2.701,
        1.733,
        2.5,
        1,
        1.928,
        2.032,
        2.122,
        2.0,
        2.317,
        2,
        2,
        2.717,
        2,
        0,
        3.233,
        0,
        1,
        3.239,
        0,
        3.244,
        10.0,
        3.25,
        10
      ]
    },
    {
      "Target": "Parameter",
      "Id": "ParamTearHighlightL",
      "Segments": [
        0,
        0,
        0,
        2.683,
        0,
        0,
        2.783,
        1,
        0,
        2.883,
        0,
        2,
        3.25,
        0
      ]
    },
    {
      "Target": "Parameter",
      "Id": "ParamBrowRX",
      "Segments": [
        0,
        -0.4,
        0,
        3.25,
        -0.4
      ]
    },
    {
      "Target": "Parameter",
      "Id": "ParamBrowRY",
      "Segments": [
        0,
        -0.6,
        0,
        3.25,
        -0.6
      ]
    },
    {
      "Target": "Parameter",
      "Id": "ParamBrowRAngle",
      "Segments": [
        0,
        0,
        0,
        3.25,
        0
      ]
    },
    {
      "Target": "Parameter",
      "Id": "ParamBrowRForm",
      "Segments": [
        0,
        0.5,
        0,
        3.25,
        0.5
      ]
    },
    {
      "Target": "Parameter",
      "Id": "ParamBrowLX",
      "Segments": [
        0,
        -0.4,
        0,
        3.25,
        -0.4
      ]
    },
    {
      "Target": "Parameter",
      "Id": "ParamBrowLY",
      "Segments": [
        0,
        -0.6,
        0,
        3.25,
        -0.6
      ]
    },
    {
      "Target": "Parameter",
      "Id": "ParamBrowLAngle",
      "Segments": [
        0,
        0,
        0,
        3.25,
        0
      ]
    },
    {
      "Target": "Parameter",
      "Id": "ParamBrowLForm",
      "Segments": [
        0,
        0.5,
        0,
        3.25,
        0.5
      ]
    },
    {
      "Target": "Parameter",
      "Id": "ParamEyeROpen",
      "Segments": [
        0,
        0.9,
        0,
        3.25,
        0.9
      ]
    },
    {
      "Target": "Parameter",
      "Id": "ParamEyeRSmile",
      "Segments": [
        0,
        0.5,
        0,
        3.25,
        0.5
      ]
    },
    {
      "Target": "Parameter",
      "Id": "ParamEyeRForm",
      "Segments": [
        0,
        -0.2,
        0,
        3.25,
        -0.2
      ]
    },
    {
      "Target": "Parameter",
      "Id": "ParamEyeLOpen",
      "Segments": [
        0,
        0.9,
        0,
        3.25,
        0.9
      ]
    },
    {
      "Target": "Parameter",
      "Id": "ParamEyeLSmile",
      "Segments": [
        0,
        0.5,
        0,
        3.25,
        0.5
      ]
    },
    {
      "Target": "Parameter",
      "Id": "ParamEyeLForm",
      "Segments": [
        0,
        -0.2,
        0,
        3.25,
        -0.2
      ]
    },
    {
      "Target": "Parameter",
      "Id": "ParamEyeballY",
      "Segments": [
        0,
        -0.1,
        0,
        3.25,
        -0.1
      ]
    },
    {
      "Target": "Parameter",
      "Id": "ParamEyeSize",
      "Segments": [
        0,
        0,
        0,
        3.25,
        0
      ]
    },
    {
      "Target": "Parameter",
      "Id": "ParamTear",
      "Segments": [
        0,
        0,
        0,
        3.25,
        0
      ]
    },
    {
      "Target": "Parameter",
      "Id": "ParamMouthForm",
      "Segments": [
        0,
        0.5,
        0,
        3.25,
        0.5
      ]
    },
    {
      "Target": "Parameter",
      "Id": "ParamMouthForm2",
      "Segments": [
        0,
        0,
        0,
        3.25,
        0
      ]
    },
    {
      "Target": "Parameter",
      "Id": "ParamTeeth",
      "Segments": [
        0,
        0,
        0,
        3.25,
        0
      ]
    },
    {
      "Target": "Parameter",
      "Id": "ParamMouthScaleX",
      "Segments": [
        0,
        -0.1,
        0,
        3.25,
        -0.1
      ]
    },
    {
      "Target": "Parameter",
      "Id": "ParamMouthScaleY",
      "Segments": [
        0,
        0,
        0,
        3.25,
        0
      ]
    },
    {
      "Target": "Parameter",
      "Id": "ParamMouthPositionY",
      "Segments": [
        0,
        0,
        0,
        3.25,
        0
      ]
    },
    {
      "Target": "Parameter",
      "Id": "ParamCheek",
      "Segments": [
        0,
        0,
        0,
        3.25,
        0
      ]
    },
    {
      "Target": "Parameter",
      "Id": "ParamCheek02",
      "Segments": [
        0,
        0,
        0,
        3.25,
        0
      ]
    },
    {
      "Target": "Parameter",
      "Id": "ParamCheek03",
      "Segments": [
        0,
        0,
        0,
        3.25,
        0
      ]
    },
    {
      "Target": "Parameter",
      "Id": "ParamFaceShadow",
      "Segments": [
        0,
        0,
        0,
        3.25,
        0
      ]
    },
    {
      "Target": "Parameter",
      "Id": "ParamCheekAngry",
      "Segments": [
        0,
        0,
        0,
        3.25,
        0
      ]
    },
    {
      "Target": "Parameter",
      "Id": "ParamSweatOn",
      "Segments": [
        0,
        0,
        0,
        3.25,
        0
      ]
    },
    {
      "Target": "Parameter",
      "Id": "ParamSweatMove",
      "Segments": [
        0,
        0,
        0,
        3.25,
        0
      ]
    },
    {
      "Target": "Parameter",
      "Id": "ParamFaceShadoe2",
      "Segments": [
        0,
        0,
        0,
        3.25,
        0
      ]
    },
    {
      "Target": "Parameter",
      "Id": "ParamEyeMoth1",
      "Segments": [
        0,
        0,
        0,
        3.25,
        0
      ]
    },
    {
      "Target": "Parameter",
      "Id": "ParamEyeEyeLid1",
      "Segments": [
        0,
        0,
        0,
        3.25,
        0
      ]
    },
    {
      "Target": "Parameter",
      "Id": "ParamBrowLWrinkle",
      "Segments": [
        0,
        0,
        0,
        3.25,
        0
      ]
    },
    {
      "Target": "Parameter",
      "Id": "ParamEyeHlOn",
      "Segments": [
        0,
        1,
        0,
        3.25,
        1
      ]
    }
  ],
  "UserData": []
}