{
  "Version": 3,
  "Meta": {
    "Duration": 3.5,
    "Fps": 60.0,
    "Loop": true,
    "AreBeziersRestricted": true,
    "CurveCount": 43,
    "UserDataCount": 0,
    "TotalSegmentCount": 113,
    "TotalPointCount": 113,
    "TotalUserDataSize": 0
  },
  "Curves": [
    {
      "Target": "Parameter",
      "Id": "ParamEyeTeary",
      "Segments": [
        0,
        0,
        0,
        0.117,
        1,
        0,
        0.25,
        0,
        0,
        0.367,
        1,
        0,
        0.5,
        0,
        0,
        0.617,
        1,
        0,
        0.75,
        0,
        0,
        0.867,
        1,
        0,
        1,
        0,
        0,
        1.117,
        1,
        0,
        1.25,
        0,
        0,
        1.367,
        1,
        0,
        1.5,
        0,
        0,
        1.617,
        1,
        0,
        1.75,
        0,
        0,
        1.867,
        1,
        0,
        2,
        0,
        0,
        2.117,
        1,
        0,
        2.25,
        0,
        0,
        2.367,
        1,
        0,
        2.5,
        0,
        0,
        2.617,
        1,
        0,
        2.75,
        0,
        0,
        2.867,
        1,
        0,
        3,
        0,
        0,
        3.117,
        1,
        0,
        3.25,
        0,
        0,
        3.367,
        1,
        0,
        3.5,
        0
      ]
    },
    {
      "Target": "Parameter",
      "Id": "ParamBrowRX",
      "Segments": [
        0,
        0,
        0,
        3.5,
        0
      ]
    },
    {
      "Target": "Parameter",
      "Id": "ParamBrowRY",
      "Segments": [
        0,
        0,
        0,
        3.5,
        0
      ]
    },
    {
      "Target": "Parameter",
      "Id": "ParamBrowRAngle",
      "Segments": [
        0,
        -0.2,
        0,
        3.5,
        -0.2
      ]
    },
    {
      "Target": "Parameter",
      "Id": "ParamBrowRForm",
      "Segments": [
        0,
        1,
        0,
        3.5,
        1
      ]
    },
    {
      "Target": "Parameter",
      "Id": "ParamBrowLX",
      "Segments": [
        0,
        0,
        0,
        3.5,
        0
      ]
    },
    {
      "Target": "Parameter",
      "Id": "ParamBrowLY",
      "Segments": [
        0,
        0,
        0,
        3.5,
        0
      ]
    },
    {
      "Target": "Parameter",
      "Id": "ParamBrowLAngle",
      "Segments": [
        0,
        -0.2,
        0,
        3.5,
        -0.2
      ]
    },
    {
      "Target": "Parameter",
      "Id": "ParamBrowLForm",
      "Segments": [
        0,
        1,
        0,
        3.5,
        1
      ]
    },
    {
      "Target": "Parameter",
      "Id": "ParamEyeROpen",
      "Segments": [
        0,
        1.1,
        0,
        3.5,
        1.1
      ]
    },
    {
      "Target": "Parameter",
      "Id": "ParamEyeRSmile",
      "Segments": [
        0,
        0,
        0,
        3.5,
        0
      ]
    },
    {
      "Target": "Parameter",
      "Id": "ParamEyeRForm",
      "Segments": [
        0,
        0,
        0,
        3.5,
        0
      ]
    },
    {
      "Target": "Parameter",
      "Id": "ParamEyeLOpen",
      "Segments": [
        0,
        1.1,
        0,
        3.5,
        1.1
      ]
    },
    {
      "Target": "Parameter",
      "Id": "ParamEyeLSmile",
      "Segments": [
        0,
        0,
        0,
        3.5,
        0
      ]
    },
    {
      "Target": "Parameter",
      "Id": "ParamEyeLForm",
      "Segments": [
        0,
        0,
        0,
        3.5,
        0
      ]
    },
    {
      "Target": "Parameter",
      "Id": "ParamEyeballY",
      "Segments": [
        0,
        -0.1,
        0,
        3.5,
        -0.1
      ]
    },
    {
      "Target": "Parameter",
      "Id": "ParamEyeSize",
      "Segments": [
        0,
        0,
        0,
        3.5,
        0
      ]
    },
    {
      "Target": "Parameter",
      "Id": "ParamTear",
      "Segments": [
        0,
        0,
        0,
        3.5,
        0
      ]
    },
    {
      "Target": "Parameter",
      "Id": "ParamMouthForm",
      "Segments": [
        0,
        0.5,
        0,
        3.5,
        0.5
      ]
    },
    {
      "Target": "Parameter",
      "Id": "ParamMouthOpenY",
      "Segments": [
        0,
        0,
        0,
        3.5,
        0
      ]
    },
    {
      "Target": "Parameter",
      "Id": "ParamMouthForm2",
      "Segments": [
        0,
        0,
        0,
        3.5,
        0
      ]
    },
    {
      "Target": "Parameter",
      "Id": "ParamTeeth",
      "Segments": [
        0,
        0,
        0,
        3.5,
        0
      ]
    },
    {
      "Target": "Parameter",
      "Id": "ParamMouthScaleX",
      "Segments": [
        0,
        1,
        0,
        3.5,
        1
      ]
    },
    {
      "Target": "Parameter",
      "Id": "ParamMouthScaleY",
      "Segments": [
        0,
        1,
        0,
        3.5,
        1
      ]
    },
    {
      "Target": "Parameter",
      "Id": "ParamMouthPositionY",
      "Segments": [
        0,
        0.3,
        0,
        3.5,
        0.3
      ]
    },
    {
      "Target": "Parameter",
      "Id": "ParamCheek",
      "Segments": [
        0,
        0,
        0,
        3.5,
        0
      ]
    },
    {
      "Target": "Parameter",
      "Id": "ParamCheek02",
      "Segments": [
        0,
        1,
        0,
        3.5,
        1
      ]
    },
    {
      "Target": "Parameter",
      "Id": "ParamCheek03",
      "Segments": [
        0,
        0,
        0,
        3.5,
        0
      ]
    },
    {
      "Target": "Parameter",
      "Id": "ParamFaceShadow",
      "Segments": [
        0,
        0,
        0,
        3.5,
        0
      ]
    },
    {
      "Target": "Parameter",
      "Id": "ParamCheekAngry",
      "Segments": [
        0,
        0,
        0,
        3.5,
        0
      ]
    },
    {
      "Target": "Parameter",
      "Id": "ParamSweatOn",
      "Segments": [
        0,
        0,
        0,
        3.5,
        0
      ]
    },
    {
      "Target": "Parameter",
      "Id": "ParamSweatMove",
      "Segments": [
        0,
        0,
        0,
        3.5,
        0
      ]
    },
    {
      "Target": "Parameter",
      "Id": "ParamFaceShadoe2",
      "Segments": [
        0,
        0,
        0,
        3.5,
        0
      ]
    },
    {
      "Target": "Parameter",
      "Id": "ParamEyeMoth1",
      "Segments": [
        0,
        0,
        0,
        3.5,
        0
      ]
    },
    {
      "Target": "Parameter",
      "Id": "ParamEyeEyeLid1",
      "Segments": [
        0,
        0,
        0,
        3.5,
        0
      ]
    },
    {
      "Target": "Parameter",
      "Id": "ParamBrowLWrinkle",
      "Segments": [
        0,
        0,
        0,
        3.5,
        0
      ]
    },
    {
      "Target": "Parameter",
      "Id": "ParamEyeHlOn",
      "Segments": [
        0,
        1,
        0,
        3.5,
        1
      ]
    },
    {
      "Target": "Parameter",
      "Id": "ParamTear3",
      "Segments": [
        0,
        -1,
        0,
        3.5,
        -1
      ]
    },
    {
      "Target": "Parameter",
      "Id": "ParamTearR",
      "Segments": [
        0,
        10,
        0,
        3.5,
        10
      ]
    },
    {
      "Target": "Parameter",
      "Id": "ParamTearHighlightR",
      "Segments": [
        0,
        0,
        0,
        3.5,
        0
      ]
    },
    {
      "Target": "Parameter",
      "Id": "ParamTear4",
      "Segments": [
        0,
        -1,
        0,
        3.5,
        -1
      ]
    },
    {
      "Target": "Parameter",
      "Id": "ParamTearL",
      "Segments": [
        0,
        10,
        0,
        3.5,
        10
      ]
    },
    {
      "Target": "Parameter",
      "Id": "ParamTearHighlightL",
      "Segments": [
        0,
        0,
        0,
        3.5,
        0
      ]
    }
  ],
  "UserData": []
}