{
  "Version": 3,
  "Meta": {
    "Duration": 3.05,
    "Fps": 60.0,
    "Loop": true,
    "AreBeziersRestricted": true,
    "CurveCount": 57,
    "UserDataCount": 1,
    "TotalSegmentCount": 202,
    "TotalPointCount": 214,
    "TotalUserDataSize": 23
  },
  "Curves": [
    {
      "Target": "Parameter",
      "Id": "PARAM_ANGLE_X",
      "Segments": [
        0,
        0,
        0,
        0.417,
        -9,
        0,
        0.917,
        24,
        0,
        1.417,
        -22,
        0,
        1.95,
        28,
        0,
        2.567,
        0,
        2,
        3.05,
        0
      ]
    },
    {
      "Target": "Parameter",
      "Id": "PARAM_ANGLE_Y",
      "Segments": [
        0,
        0,
        0,
        0.417,
        -12,
        1,
        0.584,
        -19.715,
        0.75,
        -22,
        0.917,
        -22,
        2,
        1.95,
        -22,
        0,
        2.6,
        -7,
        2,
        3.05,
        -7
      ]
    },
    {
      "Target": "Parameter",
      "Id": "PARAM_ANGLE_Z",
      "Segments": [
        0,
        2,
        0,
        0.417,
        -15,
        0,
        0.917,
        2,
        1,
        1.084,
        2,
        1.25,
        -3.075,
        1.417,
        -5,
        1,
        1.595,
        -7.053,
        1.772,
        -8.198,
        1.95,
        -9,
        1,
        2.15,
        -9.902,
        2.35,
        -10.0,
        2.55,
        -10,
        2,
        3.05,
        -10
      ]
    },
    {
      "Target": "Parameter",
      "Id": "PARAM_EYE_R_OPEN",
      "Segments": [
        0,
        1,
        0,
        0.333,
        0,
        2,
        0.7,
        0,
        2,
        1.9,
        0,
        0,
        2.333,
        1,
        2,
        3.05,
        1
      ]
    },
    {
      "Target": "Parameter",
      "Id": "PARAM_EYE_L_OPEN",
      "Segments": [
        0,
        1,
        0,
        0.333,
        0,
        2,
        0.7,
        0,
        2,
        1.9,
        0,
        0,
        2.333,
        1,
        2,
        3.05,
        1
      ]
    },
    {
      "Target": "Parameter",
      "Id": "PARAM_EYEBALL_X",
      "Segments": [
        0,
        0,
        0,
        1.083,
        0,
        0,
        1.517,
        -0.1,
        2,
        3.05,
        -0.1
      ]
    },
    {
      "Target": "Parameter",
      "Id": "PARAM_BODY_ANGLE_X",
      "Segments": [
        0,
        0,
        0,
        0.333,
        -9,
        0,
        0.983,
        5,
        0,
        1.433,
        -8,
        0,
        1.9,
        7,
        0,
        2.417,
        -7,
        2,
        3.05,
        -7
      ]
    },
    {
      "Target": "Parameter",
      "Id": "PARAM_BODY_ANGLE_Y",
      "Segments": [
        0,
        0,
        0,
        0.333,
        3,
        0,
        0.983,
        -1,
        0,
        2.483,
        0,
        2,
        3.05,
        0
      ]
    },
    {
      "Target": "Parameter",
      "Id": "PARAM_UPPER_BODY_Z",
      "Segments": [
        0,
        -5,
        0,
        0.333,
        -2,
        0,
        0.983,
        -7,
        0,
        2.483,
        -5,
        2,
        3.05,
        -5
      ]
    },
    {
      "Target": "Parameter",
      "Id": "PARAM_UPPER_BODY",
      "Segments": [
        0,
        0,
        0,
        0.333,
        1,
        0,
        0.983,
        -1,
        0,
        2.4,
        0,
        2,
        3.05,
        0
      ]
    },
    {
      "Target": "Parameter",
      "Id": "PARAM_SHOULDER_R",
      "Segments": [
        0,
        4,
        0,
        0.333,
        10,
        0,
        0.7,
        2,
        0,
        0.983,
        4,
        2,
        3.05,
        4
      ]
    },
    {
      "Target": "Parameter",
      "Id": "PARAM_ARM_R_1",
      "Segments": [
        0,
        3,
        0,
        0.333,
        1,
        0,
        0.983,
        4,
        0,
        1.9,
        2,
        0,
        2.417,
        3,
        2,
        3.05,
        3
      ]
    },
    {
      "Target": "Parameter",
      "Id": "PARAM_ARM_R_2",
      "Segments": [
        0,
        18,
        0,
        0.333,
        17,
        0,
        0.7,
        18,
        2,
        0.983,
        18,
        0,
        1.433,
        17,
        2,
        1.9,
        17,
        2,
        3.05,
        17
      ]
    },
    {
      "Target": "Parameter",
      "Id": "PARAM_ARM_R_4",
      "Segments": [
        0,
        9,
        0,
        0.333,
        17,
        0,
        0.7,
        9,
        2,
        0.983,
        9,
        0,
        1.433,
        11,
        2,
        3.05,
        11
      ]
    },
    {
      "Target": "Parameter",
      "Id": "PARAM_ARM_R_5",
      "Segments": [
        0,
        9,
        0,
        0.333,
        9,
        2,
        0.7,
        9,
        2,
        0.983,
        9,
        0,
        1.433,
        10,
        0,
        1.9,
        9,
        2,
        2.417,
        9,
        2,
        3.05,
        9
      ]
    },
    {
      "Target": "Parameter",
      "Id": "PARAM_SHOULDER_L",
      "Segments": [
        0,
        0,
        0,
        0.333,
        8,
        0,
        0.7,
        -2,
        0,
        0.983,
        0,
        2,
        3.05,
        0
      ]
    },
    {
      "Target": "Parameter",
      "Id": "PARAM_ARM_L_1",
      "Segments": [
        0,
        -6,
        0,
        0.333,
        -4,
        0,
        0.7,
        -6,
        0,
        0.983,
        -5,
        0,
        1.433,
        -7,
        0,
        1.9,
        -4,
        0,
        2.417,
        -6,
        2,
        3.05,
        -6
      ]
    },
    {
      "Target": "Parameter",
      "Id": "PARAM_ARM_L_2",
      "Segments": [
        0,
        16,
        0,
        0.333,
        15,
        2,
        0.35,
        15,
        0,
        0.7,
        16,
        2,
        0.983,
        16,
        2,
        1.433,
        16,
        2,
        1.9,
        16,
        2,
        2.417,
        16,
        2,
        3.05,
        16
      ]
    },
    {
      "Target": "Parameter",
      "Id": "PARAM_ARM_L_4",
      "Segments": [
        0,
        6,
        0,
        0.333,
        13,
        0,
        0.7,
        6,
        0,
        0.983,
        8,
        0,
        1.433,
        6,
        1,
        1.589,
        6,
        1.744,
        6.369,
        1.9,
        7,
        1,
        2.072,
        7.699,
        2.245,
        8.0,
        2.417,
        8,
        2,
        3.05,
        8
      ]
    },
    {
      "Target": "Parameter",
      "Id": "PARAM_ARM_L_5",
      "Segments": [
        0,
        11,
        0,
        0.333,
        10,
        0,
        0.7,
        11,
        2,
        0.983,
        11,
        2,
        1.433,
        11,
        2,
        1.9,
        11,
        2,
        2.417,
        11,
        2,
        3.05,
        11
      ]
    },
    {
      "Target": "Parameter",
      "Id": "PARAM_POSITION_X",
      "Segments": [
        0,
        -1,
        0,
        3.05,
        -1
      ]
    },
    {
      "Target": "Parameter",
      "Id": "PARAM_POSITION_Y",
      "Segments": [
        0,
        0,
        0,
        3.05,
        0
      ]
    },
    {
      "Target": "Parameter",
      "Id": "PARAM_ROTATION_Z",
      "Segments": [
        0,
        0,
        0,
        3.05,
        0
      ]
    },
    {
      "Target": "Parameter",
      "Id": "PARAM_BODY_ANGLE_Z",
      "Segments": [
        0,
        4,
        0,
        3.05,
        4
      ]
    },
    {
      "Target": "Parameter",
      "Id": "PARAM_BREATH",
      "Segments": [
        0,
        0,
        0,
        3.05,
        0
      ]
    },
    {
      "Target": "Parameter",
      "Id": "PARAM_LEG_L_Z",
      "Segments": [
        0,
        7,
        0,
        3.05,
        7
      ]
    },
    {
      "Target": "Parameter",
      "Id": "PARAM_LEG_R_Z",
      "Segments": [
        0,
        -1,
        0,
        3.05,
        -1
      ]
    },
    {
      "Target": "Parameter",
      "Id": "PARAM_ARM_R_3",
      "Segments": [
        0,
        40,
        0,
        3.05,
        40
      ]
    },
    {
      "Target": "Parameter",
      "Id": "PARAM_ARM_R_6",
      "Segments": [
        0,
        1,
        0,
        3.05,
        1
      ]
    },
    {
      "Target": "Parameter",
      "Id": "PARAM_ARM_R_7",
      "Segments": [
        0,
        0,
        0,
        3.05,
        0
      ]
    },
    {
      "Target": "Parameter",
      "Id": "3536011321",
      "Segments": [
        0,
        0.6,
        0,
        3.05,
        0.6
      ]
    },
    {
      "Target": "Parameter",
      "Id": "PARAM_HAND_R_A",
      "Segments": [
        0,
        0,
        0,
        3.05,
        0
      ]
    },
    {
      "Target": "Parameter",
      "Id": "PARAM_HAND_R_B",
      "Segments": [
        0,
        0,
        0,
        3.05,
        0
      ]
    },
    {
      "Target": "Parameter",
      "Id": "PARAM_HAND_R_C",
      "Segments": [
        0,
        0,
        0,
        3.05,
        0
      ]
    },
    {
      "Target": "Parameter",
      "Id": "PARAM_HAND_R_D",
      "Segments": [
        0,
        0,
        0,
        3.05,
        0
      ]
    },
    {
      "Target": "Parameter",
      "Id": "PARAM_HAND_R_E",
      "Segments": [
        0,
        0,
        0,
        3.05,
        0
      ]
    },
    {
      "Target": "Parameter",
      "Id": "PARAM_HAND_R_F",
      "Segments": [
        0,
        0,
        0,
        3.05,
        0
      ]
    },
    {
      "Target": "Parameter",
      "Id": "PARAM_HAND_R_G",
      "Segments": [
        0,
        0,
        0,
        3.05,
        0
      ]
    },
    {
      "Target": "Parameter",
      "Id": "PARAM_HAND_R_H",
      "Segments": [
        0,
        0,
        0,
        3.05,
        0
      ]
    },
    {
      "Target": "Parameter",
      "Id": "PARAM_HAND_R_I",
      "Segments": [
        0,
        0,
        0,
        3.05,
        0
      ]
    },
    {
      "Target": "Parameter",
      "Id": "PARAM_HAND_R_J",
      "Segments": [
        0,
        1,
        0,
        3.05,
        1
      ]
    },
    {
      "Target": "Parameter",
      "Id": "PARAM_HAND_R_K",
      "Segments": [
        0,
        0,
        0,
        3.05,
        0
      ]
    },
    {
      "Target": "Parameter",
      "Id": "PARAM_ARM_L_3",
      "Segments": [
        0,
        40,
        0,
        3.05,
        40
      ]
    },
    {
      "Target": "Parameter",
      "Id": "PARAM_ARM_L_6",
      "Segments": [
        0,
        1,
        0,
        3.05,
        1
      ]
    },
    {
      "Target": "Parameter",
      "Id": "PARAM_ARM_L_7",
      "Segments": [
        0,
        0,
        0,
        3.05,
        0
      ]
    },
    {
      "Target": "Parameter",
      "Id": "1644519573",
      "Segments": [
        0,
        0.6,
        0,
        3.05,
        0.6
      ]
    },
    {
      "Target": "Parameter",
      "Id": "PARAM_HAND_L_A",
      "Segments": [
        0,
        0,
        0,
        3.05,
        0
      ]
    },
    {
      "Target": "Parameter",
      "Id": "PARAM_HAND_L_B",
      "Segments": [
        0,
        0,
        0,
        3.05,
        0
      ]
    },
    {
      "Target": "Parameter",
      "Id": "PARAM_HAND_L_C",
      "Segments": [
        0,
        0,
        0,
        3.05,
        0
      ]
    },
    {
      "Target": "Parameter",
      "Id": "PARAM_HAND_L_D",
      "Segments": [
        0,
        0,
        0,
        3.05,
        0
      ]
    },
    {
      "Target": "Parameter",
      "Id": "PARAM_HAND_L_E",
      "Segments": [
        0,
        0,
        0,
        3.05,
        0
      ]
    },
    {
      "Target": "Parameter",
      "Id": "PARAM_HAND_L_F",
      "Segments": [
        0,
        0,
        0,
        3.05,
        0
      ]
    },
    {
      "Target": "Parameter",
      "Id": "PARAM_HAND_L_G",
      "Segments": [
        0,
        0,
        0,
        3.05,
        0
      ]
    },
    {
      "Target": "Parameter",
      "Id": "PARAM_HAND_L_H",
      "Segments": [
        0,
        0,
        0,
        3.05,
        0
      ]
    },
    {
      "Target": "Parameter",
      "Id": "PARAM_HAND_L_I",
      "Segments": [
        0,
        0,
        0,
        3.05,
        0
      ]
    },
    {
      "Target": "Parameter",
      "Id": "PARAM_HAND_L_J",
      "Segments": [
        0,
        1,
        0,
        3.05,
        1
      ]
    },
    {
      "Target": "Parameter",
      "Id": "PARAM_HAND_L_K",
      "Segments": [
        0,
        0,
        0,
        3.05,
        0
      ]
    }
  ],
  "UserData": [
    {
      "Time": 0,
      "Value": "eyeblink,0.33,1.57,0.43"
    }
  ]
}