{
  "Version": 3,
  "Meta": {
    "Duration": 1.5,
    "Fps": 60.0,
    "Loop": true,
    "AreBeziersRestricted": true,
    "CurveCount": 17,
    "UserDataCount": 0,
    "TotalSegmentCount": 75,
    "TotalPointCount": 91,
    "TotalUserDataSize": 0
  },
  "Curves": [
    {
      "Target": "Parameter",
      "Id": "ParamBodyAngleY",
      "Segments": [
        0,
        0,
        0,
        0.333,
        3,
        0,
        0.7,
        -2,
        0,
        1.117,
        0,
        2,
        1.5,
        0
      ]
    },
    {
      "Target": "Parameter",
      "Id": "ParamBodyAngleZ",
      "Segments": [
        0,
        0,
        0,
        0.333,
        0,
        0,
        0.867,
        1,
        2,
        1.5,
        1
      ]
    },
    {
      "Target": "Parameter",
      "Id": "ParamUpperBodyZ",
      "Segments": [
        0,
        0,
        0,
        0.333,
        0,
        0,
        0.867,
        1,
        2,
        1.5,
        1
      ]
    },
    {
      "Target": "Parameter",
      "Id": "ParamShoulderR",
      "Segments": [
        0,
        0,
        0,
        0.333,
        2,
        0,
        0.7,
        -2,
        0,
        1.117,
        0,
        2,
        1.5,
        0
      ]
    },
    {
      "Target": "Parameter",
      "Id": "ParamArmR1",
      "Segments": [
        0,
        -36,
        0,
        0.333,
        -32,
        0,
        0.7,
        -34,
        2,
        1.117,
        -34,
        2,
        1.5,
        -34
      ]
    },
    {
      "Target": "Parameter",
      "Id": "ParamArmR2",
      "Segments": [
        0,
        0,
        0,
        0.367,
        -2,
        0,
        0.733,
        0,
        0,
        1.15,
        -1,
        2,
        1.5,
        -1
      ]
    },
    {
      "Target": "Parameter",
      "Id": "ParamArmR3",
      "Segments": [
        0,
        0,
        0,
        0.4,
        -12,
        1,
        0.522,
        -12,
        0.645,
        -8.539,
        0.767,
        -5,
        1,
        0.906,
        -0.978,
        1.044,
        -0.0,
        1.183,
        0,
        2,
        1.5,
        0
      ]
    },
    {
      "Target": "Parameter",
      "Id": "ParamArmR8",
      "Segments": [
        0,
        0,
        0,
        0.4,
        -17,
        1,
        0.511,
        -17,
        0.622,
        -12.984,
        0.733,
        -8,
        1,
        0.883,
        -1.271,
        1.033,
        1.0,
        1.183,
        1,
        2,
        1.5,
        1
      ]
    },
    {
      "Target": "Parameter",
      "Id": "ParamFingerR",
      "Segments": [
        0,
        0,
        0,
        0.367,
        6,
        0,
        0.75,
        -2,
        2,
        1.5,
        -2
      ]
    },
    {
      "Target": "Parameter",
      "Id": "ParamShoulderL",
      "Segments": [
        0,
        0,
        0,
        0.333,
        3,
        0,
        0.7,
        -1,
        0,
        1.117,
        0,
        2,
        1.5,
        0
      ]
    },
    {
      "Target": "Parameter",
      "Id": "ParamArmL1",
      "Segments": [
        0,
        -39,
        0,
        0.333,
        -35,
        0,
        0.7,
        -38,
        0,
        1.117,
        -36,
        2,
        1.5,
        -36
      ]
    },
    {
      "Target": "Parameter",
      "Id": "ParamArmL2",
      "Segments": [
        0,
        0,
        0,
        0.367,
        -2,
        0,
        0.733,
        0,
        0,
        1.15,
        -1,
        2,
        1.5,
        -1
      ]
    },
    {
      "Target": "Parameter",
      "Id": "ParamArmL3",
      "Segments": [
        0,
        0,
        0,
        0.4,
        -18,
        1,
        0.522,
        -18,
        0.645,
        -16.458,
        0.767,
        -11,
        1,
        0.906,
        -4.798,
        1.044,
        -0.0,
        1.183,
        0,
        2,
        1.5,
        0
      ]
    },
    {
      "Target": "Parameter",
      "Id": "ParamArmL8",
      "Segments": [
        0,
        0,
        0,
        0.383,
        -24,
        1,
        0.505,
        -24,
        0.628,
        -24.382,
        0.75,
        -21,
        1,
        0.883,
        -17.31,
        1.017,
        -2.0,
        1.15,
        -2,
        2,
        1.5,
        -2
      ]
    },
    {
      "Target": "Parameter",
      "Id": "ParamFingerL",
      "Segments": [
        0,
        0,
        0,
        0.367,
        6,
        0,
        0.75,
        -2,
        2,
        1.5,
        -2
      ]
    },
    {
      "Target": "Parameter",
      "Id": "ParamArmR7",
      "Segments": [
        0,
        -5,
        0,
        1.5,
        -5
      ]
    },
    {
      "Target": "Parameter",
      "Id": "ParamArmL7",
      "Segments": [
        0,
        -5,
        0,
        1.5,
        -5
      ]
    }
  ],
  "UserData": []
}