{
  "Version": 3,
  "Meta": {
    "Duration": 7.15,
    "Fps": 60.0,
    "Loop": true,
    "AreBeziersRestricted": true,
    "CurveCount": 49,
    "UserDataCount": 0,
    "TotalSegmentCount": 266,
    "TotalPointCount": 360,
    "TotalUserDataSize": 0
  },
  "Curves": [
    {
      "Target": "Parameter",
      "Id": "ParamTearBROn",
      "Segments": [
        0,
        -1,
        0,
        0.017,
        -1,
        0,
        0.6,
        1,
        2,
        1.683,
        1,
        0,
        1.7,
        -1,
        1,
        1.706,
        -1,
        1.711,
        -0.014,
        1.717,
        0,
        1,
        1.989,
        0.68,
        2.261,
        1.0,
        2.533,
        1,
        0,
        2.617,
        -1,
        2,
        2.633,
        -1,
        0,
        2.783,
        1,
        2,
        3.867,
        1,
        0,
        3.883,
        -1,
        1,
        3.889,
        -1,
        3.894,
        -0.014,
        3.9,
        0,
        1,
        4.172,
        0.68,
        4.445,
        1.0,
        4.717,
        1,
        0,
        4.8,
        -1,
        2,
        4.817,
        -1,
        0,
        4.967,
        1,
        2,
        6.05,
        1,
        0,
        6.067,
        -1,
        1,
        6.072,
        -1,
        6.078,
        -0.014,
        6.083,
        0,
        1,
        6.355,
        0.68,
        6.628,
        1.0,
        6.9,
        1,
        0,
        6.983,
        -1,
        2,
        7,
        -1,
        0,
        7.15,
        1
      ]
    },
    {
      "Target": "Parameter",
      "Id": "ParamTearBR",
      "Segments": [
        0,
        0,
        0,
        0.017,
        10,
        0,
        0.6,
        9,
        2,
        0.817,
        9,
        2,
        0.9,
        9,
        1,
        0.933,
        9,
        0.967,
        8.236,
        1,
        7.6,
        1,
        1.106,
        5.585,
        1.211,
        3.535,
        1.317,
        2.1,
        1,
        1.439,
        0.439,
        1.561,
        0.0,
        1.683,
        0,
        1,
        1.689,
        0,
        1.694,
        10.0,
        1.7,
        10,
        0,
        1.717,
        9,
        2,
        1.8,
        9,
        2,
        1.883,
        9,
        1,
        2.011,
        9,
        2.139,
        5.09,
        2.267,
        2.1,
        1,
        2.356,
        0.02,
        2.444,
        -0.0,
        2.533,
        0,
        2,
        2.617,
        0,
        0,
        2.633,
        10,
        0,
        2.783,
        9,
        2,
        3,
        9,
        2,
        3.083,
        9,
        1,
        3.116,
        9,
        3.15,
        8.236,
        3.183,
        7.6,
        1,
        3.289,
        5.585,
        3.394,
        3.535,
        3.5,
        2.1,
        1,
        3.622,
        0.439,
        3.745,
        0.0,
        3.867,
        0,
        0,
        3.883,
        10,
        0,
        3.9,
        9,
        2,
        3.983,
        9,
        2,
        4.067,
        9,
        1,
        4.195,
        9,
        4.322,
        5.09,
        4.45,
        2.1,
        1,
        4.539,
        0.02,
        4.628,
        -0.0,
        4.717,
        0,
        2,
        4.8,
        0,
        0,
        4.817,
        10,
        0,
        4.967,
        9,
        2,
        5.183,
        9,
        2,
        5.267,
        9,
        1,
        5.3,
        9,
        5.334,
        8.236,
        5.367,
        7.6,
        1,
        5.472,
        5.585,
        5.578,
        3.535,
        5.683,
        2.1,
        1,
        5.805,
        0.439,
        5.928,
        0.0,
        6.05,
        0,
        0,
        6.067,
        10,
        0,
        6.083,
        9,
        2,
        6.167,
        9,
        2,
        6.25,
        9,
        1,
        6.378,
        9,
        6.505,
        5.09,
        6.633,
        2.1,
        1,
        6.722,
        0.02,
        6.811,
        -0.0,
        6.9,
        0,
        2,
        6.983,
        0,
        0,
        7,
        10,
        0,
        7.15,
        9
      ]
    },
    {
      "Target": "Parameter",
      "Id": "ParamTearHighlightR",
      "Segments": [
        0,
        0,
        0,
        1.333,
        0,
        0,
        1.383,
        1,
        0,
        1.5,
        0,
        2,
        2.267,
        0,
        0,
        2.317,
        1,
        0,
        2.433,
        0,
        2,
        3.517,
        0,
        0,
        3.567,
        1,
        0,
        3.683,
        0,
        2,
        4.45,
        0,
        0,
        4.5,
        1,
        0,
        4.617,
        0,
        2,
        5.7,
        0,
        0,
        5.75,
        1,
        0,
        5.867,
        0,
        2,
        6.633,
        0,
        0,
        6.683,
        1,
        0,
        6.8,
        0,
        2,
        7.15,
        0
      ]
    },
    {
      "Target": "Parameter",
      "Id": "ParamTearBLOn",
      "Segments": [
        0,
        -1,
        0,
        0.017,
        -1,
        0,
        0.183,
        1,
        0,
        1.45,
        -1,
        2,
        1.467,
        -1,
        1,
        1.472,
        -1,
        1.478,
        0.389,
        1.483,
        0.4,
        1,
        1.694,
        0.81,
        1.906,
        1.0,
        2.117,
        1,
        0,
        2.3,
        -1,
        2,
        2.317,
        -1,
        0,
        2.567,
        1,
        0,
        3.633,
        -1,
        2,
        3.65,
        -1,
        1,
        3.656,
        -1,
        3.661,
        0.389,
        3.667,
        0.4,
        1,
        3.878,
        0.81,
        4.089,
        1.0,
        4.3,
        1,
        0,
        4.483,
        -1,
        2,
        4.5,
        -1,
        0,
        4.75,
        1,
        0,
        5.817,
        -1,
        2,
        5.833,
        -1,
        1,
        5.839,
        -1,
        5.844,
        0.389,
        5.85,
        0.4,
        1,
        6.061,
        0.81,
        6.272,
        1.0,
        6.483,
        1,
        0,
        6.667,
        -1,
        2,
        6.683,
        -1,
        0,
        6.933,
        1,
        2,
        7.15,
        1
      ]
    },
    {
      "Target": "Parameter",
      "Id": "ParamTearBL",
      "Segments": [
        0,
        0,
        0,
        0.017,
        10,
        0,
        0.183,
        9,
        2,
        0.583,
        9,
        2,
        0.667,
        9,
        1,
        0.7,
        9,
        0.734,
        8.236,
        0.767,
        7.6,
        1,
        0.872,
        5.585,
        0.978,
        3.535,
        1.083,
        2.1,
        1,
        1.205,
        0.439,
        1.328,
        0.0,
        1.45,
        0,
        1,
        1.456,
        0,
        1.461,
        10.0,
        1.467,
        10,
        0,
        1.483,
        9,
        2,
        1.567,
        9,
        2,
        1.65,
        9,
        1,
        1.778,
        9,
        1.905,
        6.941,
        2.033,
        2.1,
        1,
        2.061,
        1.048,
        2.089,
        -0.0,
        2.117,
        0,
        2,
        2.3,
        0,
        1,
        2.306,
        0,
        2.311,
        10.0,
        2.317,
        10,
        0,
        2.567,
        9,
        2,
        2.767,
        9,
        2,
        2.85,
        9,
        1,
        2.883,
        9,
        2.917,
        8.236,
        2.95,
        7.6,
        1,
        3.056,
        5.585,
        3.161,
        3.535,
        3.267,
        2.1,
        1,
        3.389,
        0.439,
        3.511,
        0.0,
        3.633,
        0,
        0,
        3.65,
        10,
        0,
        3.667,
        9,
        2,
        3.75,
        9,
        2,
        3.833,
        9,
        1,
        3.961,
        9,
        4.089,
        6.941,
        4.217,
        2.1,
        1,
        4.245,
        1.048,
        4.272,
        0.0,
        4.3,
        0,
        2,
        4.483,
        0,
        0,
        4.5,
        10,
        0,
        4.75,
        9,
        2,
        4.95,
        9,
        2,
        5.033,
        9,
        1,
        5.066,
        9,
        5.1,
        8.236,
        5.133,
        7.6,
        1,
        5.239,
        5.585,
        5.344,
        3.535,
        5.45,
        2.1,
        1,
        5.572,
        0.439,
        5.695,
        0.0,
        5.817,
        0,
        1,
        5.822,
        0,
        5.828,
        10.0,
        5.833,
        10,
        0,
        5.85,
        9,
        2,
        5.933,
        9,
        2,
        6.017,
        9,
        1,
        6.145,
        9,
        6.272,
        6.941,
        6.4,
        2.1,
        1,
        6.428,
        1.048,
        6.455,
        -0.0,
        6.483,
        0,
        2,
        6.667,
        0,
        1,
        6.672,
        0,
        6.678,
        10.0,
        6.683,
        10,
        0,
        6.933,
        9,
        2,
        7.15,
        9
      ]
    },
    {
      "Target": "Parameter",
      "Id": "ParamTearHighlightL",
      "Segments": [
        0,
        0,
        0,
        1.083,
        0,
        0,
        1.133,
        1,
        0,
        1.233,
        0,
        2,
        2,
        0,
        0,
        2.05,
        1,
        0,
        2.15,
        0,
        2,
        3.267,
        0,
        0,
        3.317,
        1,
        0,
        3.417,
        0,
        2,
        4.183,
        0,
        0,
        4.233,
        1,
        0,
        4.333,
        0,
        2,
        5.45,
        0,
        0,
        5.5,
        1,
        0,
        5.6,
        0,
        2,
        6.367,
        0,
        0,
        6.417,
        1,
        0,
        6.517,
        0,
        2,
        7.15,
        0
      ]
    },
    {
      "Target": "Parameter",
      "Id": "ParamBrowRX",
      "Segments": [
        0,
        -0.7,
        0,
        7.15,
        -0.7
      ]
    },
    {
      "Target": "Parameter",
      "Id": "ParamBrowRY",
      "Segments": [
        0,
        -0.7,
        0,
        7.15,
        -0.7
      ]
    },
    {
      "Target": "Parameter",
      "Id": "ParamBrowRAngle",
      "Segments": [
        0,
        -0.2,
        0,
        7.15,
        -0.2
      ]
    },
    {
      "Target": "Parameter",
      "Id": "ParamBrowRForm",
      "Segments": [
        0,
        -1,
        0,
        7.15,
        -1
      ]
    },
    {
      "Target": "Parameter",
      "Id": "ParamBrowRForm2",
      "Segments": [
        0,
        0,
        0,
        7.15,
        0
      ]
    },
    {
      "Target": "Parameter",
      "Id": "ParamBrowLX",
      "Segments": [
        0,
        -0.7,
        0,
        7.15,
        -0.7
      ]
    },
    {
      "Target": "Parameter",
      "Id": "ParamBrowLY",
      "Segments": [
        0,
        -0.7,
        0,
        7.15,
        -0.7
      ]
    },
    {
      "Target": "Parameter",
      "Id": "ParamBrowLAngle",
      "Segments": [
        0,
        -0.2,
        0,
        7.15,
        -0.2
      ]
    },
    {
      "Target": "Parameter",
      "Id": "ParamBrowLForm",
      "Segments": [
        0,
        -1,
        0,
        7.15,
        -1
      ]
    },
    {
      "Target": "Parameter",
      "Id": "ParamBrowLForm2",
      "Segments": [
        0,
        0,
        0,
        7.15,
        0
      ]
    },
    {
      "Target": "Parameter",
      "Id": "ParamEyeROpen",
      "Segments": [
        0,
        0.7,
        0,
        7.15,
        0.7
      ]
    },
    {
      "Target": "Parameter",
      "Id": "ParamEyeRSmile",
      "Segments": [
        0,
        1,
        0,
        7.15,
        1
      ]
    },
    {
      "Target": "Parameter",
      "Id": "ParamEyeRForm",
      "Segments": [
        0,
        1,
        0,
        7.15,
        1
      ]
    },
    {
      "Target": "Parameter",
      "Id": "ParamEyeLOpen",
      "Segments": [
        0,
        0.7,
        0,
        7.15,
        0.7
      ]
    },
    {
      "Target": "Parameter",
      "Id": "ParamEyeLSmile",
      "Segments": [
        0,
        1,
        0,
        7.15,
        1
      ]
    },
    {
      "Target": "Parameter",
      "Id": "ParamEyeLForm",
      "Segments": [
        0,
        1,
        0,
        7.15,
        1
      ]
    },
    {
      "Target": "Parameter",
      "Id": "ParamEyeballY",
      "Segments": [
        0,
        -0.1,
        0,
        7.15,
        -0.1
      ]
    },
    {
      "Target": "Parameter",
      "Id": "ParamEyeSize",
      "Segments": [
        0,
        0,
        0,
        7.15,
        0
      ]
    },
    {
      "Target": "Parameter",
      "Id": "ParamEyeTeary",
      "Segments": [
        0,
        0,
        0,
        7.15,
        0
      ]
    },
    {
      "Target": "Parameter",
      "Id": "ParamTear",
      "Segments": [
        0,
        0,
        0,
        7.15,
        0
      ]
    },
    {
      "Target": "Parameter",
      "Id": "ParamTearL",
      "Segments": [
        0,
        0,
        0,
        7.15,
        0
      ]
    },
    {
      "Target": "Parameter",
      "Id": "ParamTearR",
      "Segments": [
        0,
        0,
        0,
        7.15,
        0
      ]
    },
    {
      "Target": "Parameter",
      "Id": "ParamMouthForm",
      "Segments": [
        0,
        0,
        0,
        7.15,
        0
      ]
    },
    {
      "Target": "Parameter",
      "Id": "ParamMouthForm2",
      "Segments": [
        0,
        1,
        0,
        7.15,
        1
      ]
    },
    {
      "Target": "Parameter",
      "Id": "ParamTeeth",
      "Segments": [
        0,
        0,
        0,
        7.15,
        0
      ]
    },
    {
      "Target": "Parameter",
      "Id": "ParamMouthScaleX",
      "Segments": [
        0,
        1,
        0,
        7.15,
        1
      ]
    },
    {
      "Target": "Parameter",
      "Id": "ParamMouthScaleY",
      "Segments": [
        0,
        0.5,
        0,
        7.15,
        0.5
      ]
    },
    {
      "Target": "Parameter",
      "Id": "ParamMouthPositionY",
      "Segments": [
        0,
        0.2,
        0,
        7.15,
        0.2
      ]
    },
    {
      "Target": "Parameter",
      "Id": "ParamCheek",
      "Segments": [
        0,
        0,
        0,
        7.15,
        0
      ]
    },
    {
      "Target": "Parameter",
      "Id": "ParamCheek02",
      "Segments": [
        0,
        0,
        0,
        7.15,
        0
      ]
    },
    {
      "Target": "Parameter",
      "Id": "ParamCheek03",
      "Segments": [
        0,
        0,
        0,
        7.15,
        0
      ]
    },
    {
      "Target": "Parameter",
      "Id": "ParamFaceShadow",
      "Segments": [
        0,
        0,
        0,
        7.15,
        0
      ]
    },
    {
      "Target": "Parameter",
      "Id": "ParamCheekAngry",
      "Segments": [
        0,
        0,
        0,
        7.15,
        0
      ]
    },
    {
      "Target": "Parameter",
      "Id": "ParamCheekAngryR",
      "Segments": [
        0,
        0,
        0,
        7.15,
        0
      ]
    },
    {
      "Target": "Parameter",
      "Id": "ParamCheekAngryL",
      "Segments": [
        0,
        0,
        0,
        7.15,
        0
      ]
    },
    {
      "Target": "Parameter",
      "Id": "ParamSweatOn",
      "Segments": [
        0,
        0,
        0,
        7.15,
        0
      ]
    },
    {
      "Target": "Parameter",
      "Id": "ParamSweatMove",
      "Segments": [
        0,
        0,
        0,
        7.15,
        0
      ]
    },
    {
      "Target": "Parameter",
      "Id": "ParamFaceShadoe2",
      "Segments": [
        0,
        0,
        0,
        7.15,
        0
      ]
    },
    {
      "Target": "Parameter",
      "Id": "ParamEyeMoth1",
      "Segments": [
        0,
        0,
        0,
        7.15,
        0
      ]
    },
    {
      "Target": "Parameter",
      "Id": "ParamEyeEyeLid1",
      "Segments": [
        0,
        0,
        0,
        7.15,
        0
      ]
    },
    {
      "Target": "Parameter",
      "Id": "ParamBrowLWrinkle",
      "Segments": [
        0,
        1,
        0,
        7.15,
        1
      ]
    },
    {
      "Target": "Parameter",
      "Id": "ParamEyeHlOn",
      "Segments": [
        0,
        1,
        0,
        7.15,
        1
      ]
    },
    {
      "Target": "Parameter",
      "Id": "ParamEyeGira",
      "Segments": [
        0,
        0,
        0,
        7.15,
        0
      ]
    }
  ],
  "UserData": []
}