{
  "Version": 3,
  "Meta": {
    "Duration": 2.167,
    "Fps": 60.0,
    "Loop": true,
    "AreBeziersRestricted": true,
    "CurveCount": 71,
    "UserDataCount": 1,
    "TotalSegmentCount": 215,
    "TotalPointCount": 225,
    "TotalUserDataSize": 23
  },
  "Curves": [
    {
      "Target": "Parameter",
      "Id": "ParamArmL8",
      "Segments": [
        0,
        -25,
        0,
        0.35,
        -32,
        1,
        0.439,
        -32,
        0.528,
        -30.847,
        0.617,
        -15,
        1,
        0.734,
        5.799,
        0.85,
        32.0,
        0.967,
        32,
        2,
        2.167,
        32
      ]
    },
    {
      "Target": "Parameter",
      "Id": "ParamArmR8",
      "Segments": [
        0,
        35,
        0,
        0.967,
        24,
        2,
        2.167,
        24
      ]
    },
    {
      "Target": "Parameter",
      "Id": "ParamArmL7",
      "Segments": [
        0,
        5,
        0,
        0.967,
        7,
        2,
        2.167,
        7
      ]
    },
    {
      "Target": "Parameter",
      "Id": "ParamArmR7",
      "Segments": [
        0,
        5,
        0,
        0.967,
        3,
        2,
        2.167,
        3
      ]
    },
    {
      "Target": "Parameter",
      "Id": "ParamPositionX",
      "Segments": [
        0,
        -1,
        0,
        1,
        0,
        2,
        2.167,
        0
      ]
    },
    {
      "Target": "Parameter",
      "Id": "ParamAngleX",
      "Segments": [
        0,
        0,
        0,
        0.333,
        4,
        0,
        0.867,
        -4,
        0,
        1.567,
        0,
        2,
        2.167,
        0
      ]
    },
    {
      "Target": "Parameter",
      "Id": "ParamAngleY",
      "Segments": [
        0,
        0,
        0,
        0.333,
        7,
        0,
        0.867,
        -5,
        0,
        1.6,
        -1,
        2,
        2.167,
        -1
      ]
    },
    {
      "Target": "Parameter",
      "Id": "ParamAngleZ",
      "Segments": [
        0,
        -2,
        0,
        0.433,
        3,
        0,
        1.033,
        -17,
        2,
        2.167,
        -17
      ]
    },
    {
      "Target": "Parameter",
      "Id": "ParamEyeROpen",
      "Segments": [
        0,
        1,
        0,
        0.367,
        1,
        0,
        0.567,
        0,
        0,
        0.767,
        1,
        2,
        2.167,
        1
      ]
    },
    {
      "Target": "Parameter",
      "Id": "ParamEyeLOpen",
      "Segments": [
        0,
        1,
        0,
        0.367,
        1,
        0,
        0.567,
        0,
        0,
        0.767,
        1,
        2,
        2.167,
        1
      ]
    },
    {
      "Target": "Parameter",
      "Id": "ParamEyeballX",
      "Segments": [
        0,
        0,
        0,
        0.533,
        -0.1,
        0,
        1.033,
        0.1,
        0,
        1.7,
        0,
        2,
        2.167,
        0
      ]
    },
    {
      "Target": "Parameter",
      "Id": "ParamBodyAngleX",
      "Segments": [
        0,
        -4,
        0,
        0.333,
        3,
        0,
        0.767,
        -3,
        0,
        1.267,
        -1,
        2,
        2.167,
        -1
      ]
    },
    {
      "Target": "Parameter",
      "Id": "ParamBodyAngleY",
      "Segments": [
        0,
        0,
        0,
        0.333,
        3,
        0,
        0.933,
        -1,
        2,
        2.167,
        -1
      ]
    },
    {
      "Target": "Parameter",
      "Id": "ParamBodyAngleZ",
      "Segments": [
        0,
        3,
        0,
        0.467,
        2,
        1,
        0.656,
        1.276,
        0.844,
        1.0,
        1.033,
        1,
        2,
        2.167,
        1
      ]
    },
    {
      "Target": "Parameter",
      "Id": "ParamUpperBodyZ",
      "Segments": [
        0,
        -4,
        0,
        0.467,
        1,
        1,
        0.656,
        2.907,
        0.844,
        3.0,
        1.033,
        3,
        2,
        2.167,
        3
      ]
    },
    {
      "Target": "Parameter",
      "Id": "ParamLegLZ",
      "Segments": [
        0,
        5,
        0,
        0.867,
        0,
        2,
        2.167,
        0
      ]
    },
    {
      "Target": "Parameter",
      "Id": "ParamShoulderR",
      "Segments": [
        0,
        8,
        0,
        0.95,
        0,
        2,
        2.167,
        0
      ]
    },
    {
      "Target": "Parameter",
      "Id": "ParamArmR1",
      "Segments": [
        0,
        4,
        0,
        0.35,
        1,
        1,
        0.522,
        -4.883,
        0.695,
        -44.0,
        0.867,
        -44,
        2,
        2.167,
        -44
      ]
    },
    {
      "Target": "Parameter",
      "Id": "ParamArmR2",
      "Segments": [
        0,
        19,
        0,
        0.367,
        25,
        0,
        0.95,
        6,
        2,
        2.167,
        6
      ]
    },
    {
      "Target": "Parameter",
      "Id": "ParamArmR3",
      "Segments": [
        0,
        33,
        0,
        0.95,
        18,
        2,
        2.167,
        18
      ]
    },
    {
      "Target": "Parameter",
      "Id": "ParamArmR4",
      "Segments": [
        0,
        0,
        0,
        0.95,
        8,
        2,
        2.167,
        8
      ]
    },
    {
      "Target": "Parameter",
      "Id": "ParamArmR5",
      "Segments": [
        0,
        9,
        0,
        0.367,
        9,
        0,
        0.95,
        5,
        2,
        2.167,
        5
      ]
    },
    {
      "Target": "Parameter",
      "Id": "ParamArmR6",
      "Segments": [
        0,
        1,
        0,
        0.367,
        0.9,
        0,
        0.95,
        1,
        2,
        2.167,
        1
      ]
    },
    {
      "Target": "Parameter",
      "Id": "ParamHandRD",
      "Segments": [
        0,
        0,
        0,
        0.433,
        0,
        0,
        0.45,
        1,
        2,
        0.95,
        1,
        2,
        2.167,
        1
      ]
    },
    {
      "Target": "Parameter",
      "Id": "ParamHandRJ",
      "Segments": [
        0,
        1,
        0,
        0.433,
        1,
        0,
        0.45,
        0,
        2,
        0.95,
        0,
        2,
        2.167,
        0
      ]
    },
    {
      "Target": "Parameter",
      "Id": "ParamFingerR",
      "Segments": [
        0,
        0,
        0,
        0.367,
        6,
        0,
        0.8,
        -5,
        0,
        1.117,
        0,
        2,
        2.167,
        0
      ]
    },
    {
      "Target": "Parameter",
      "Id": "ParamShoulderL",
      "Segments": [
        0,
        1,
        0,
        0.95,
        0,
        2,
        2.167,
        0
      ]
    },
    {
      "Target": "Parameter",
      "Id": "ParamArmL1",
      "Segments": [
        0,
        -43,
        0,
        0.367,
        -29,
        0,
        0.95,
        -43,
        2,
        2.167,
        -43
      ]
    },
    {
      "Target": "Parameter",
      "Id": "ParamArmL2",
      "Segments": [
        0,
        -2,
        0,
        0.383,
        -2,
        0,
        0.95,
        7,
        2,
        2.167,
        7
      ]
    },
    {
      "Target": "Parameter",
      "Id": "ParamArmL3",
      "Segments": [
        0,
        -20,
        0,
        0.383,
        -30,
        0,
        0.95,
        23,
        2,
        2.167,
        23
      ]
    },
    {
      "Target": "Parameter",
      "Id": "ParamArmL6",
      "Segments": [
        0,
        0,
        0,
        0.35,
        0,
        0,
        0.367,
        1,
        2,
        0.95,
        1,
        2,
        2.167,
        1
      ]
    },
    {
      "Target": "Parameter",
      "Id": "ParamHandLA",
      "Segments": [
        0,
        1,
        0,
        0.583,
        1,
        0,
        0.6,
        0,
        2,
        0.95,
        0,
        2,
        2.167,
        0
      ]
    },
    {
      "Target": "Parameter",
      "Id": "ParamHandLG",
      "Segments": [
        0,
        0,
        0,
        0.583,
        0,
        0,
        0.6,
        1,
        2,
        0.95,
        1,
        2,
        2.167,
        1
      ]
    },
    {
      "Target": "Parameter",
      "Id": "ParamFingerL",
      "Segments": [
        0,
        0,
        0,
        0.367,
        6,
        0,
        0.8,
        -4,
        0,
        1.117,
        0,
        2,
        2.167,
        0
      ]
    },
    {
      "Target": "Parameter",
      "Id": "ParamHandRL",
      "Segments": [
        0,
        0,
        0,
        2.167,
        0
      ]
    },
    {
      "Target": "Parameter",
      "Id": "ParamHandRM",
      "Segments": [
        0,
        0,
        0,
        2.167,
        0
      ]
    },
    {
      "Target": "Parameter",
      "Id": "ParamHandRN",
      "Segments": [
        0,
        0,
        0,
        2.167,
        0
      ]
    },
    {
      "Target": "Parameter",
      "Id": "ParamHandRO",
      "Segments": [
        0,
        0,
        0,
        2.167,
        0
      ]
    },
    {
      "Target": "Parameter",
      "Id": "ParamHandRP",
      "Segments": [
        0,
        0,
        0,
        2.167,
        0
      ]
    },
    {
      "Target": "Parameter",
      "Id": "ParamHandLL",
      "Segments": [
        0,
        0,
        0,
        2.167,
        0
      ]
    },
    {
      "Target": "Parameter",
      "Id": "ParamHandLM",
      "Segments": [
        0,
        0,
        0,
        2.167,
        0
      ]
    },
    {
      "Target": "Parameter",
      "Id": "ParamHandLN",
      "Segments": [
        0,
        0,
        0,
        2.167,
        0
      ]
    },
    {
      "Target": "Parameter",
      "Id": "ParamHandLO",
      "Segments": [
        0,
        0,
        0,
        2.167,
        0
      ]
    },
    {
      "Target": "Parameter",
      "Id": "ParamHandLP",
      "Segments": [
        0,
        0,
        0,
        2.167,
        0
      ]
    },
    {
      "Target": "Parameter",
      "Id": "ParamPositionY",
      "Segments": [
        0,
        0,
        0,
        2.167,
        0
      ]
    },
    {
      "Target": "Parameter",
      "Id": "ParamRotationZ",
      "Segments": [
        0,
        0,
        0,
        2.167,
        0
      ]
    },
    {
      "Target": "Parameter",
      "Id": "ParamUpperBody",
      "Segments": [
        0,
        0,
        0,
        2.167,
        0
      ]
    },
    {
      "Target": "Parameter",
      "Id": "ParamBreath",
      "Segments": [
        0,
        0,
        0,
        2.167,
        0
      ]
    },
    {
      "Target": "Parameter",
      "Id": "ParamLegRZ",
      "Segments": [
        0,
        -1,
        0,
        2.167,
        -1
      ]
    },
    {
      "Target": "Parameter",
      "Id": "ParamArmR9",
      "Segments": [
        0,
        0.6,
        0,
        2.167,
        0.6
      ]
    },
    {
      "Target": "Parameter",
      "Id": "ParamHandRA",
      "Segments": [
        0,
        0,
        0,
        2.167,
        0
      ]
    },
    {
      "Target": "Parameter",
      "Id": "ParamHandRB",
      "Segments": [
        0,
        0,
        0,
        2.167,
        0
      ]
    },
    {
      "Target": "Parameter",
      "Id": "ParamHandRC",
      "Segments": [
        0,
        0,
        0,
        2.167,
        0
      ]
    },
    {
      "Target": "Parameter",
      "Id": "ParamHandRE",
      "Segments": [
        0,
        0,
        0,
        2.167,
        0
      ]
    },
    {
      "Target": "Parameter",
      "Id": "ParamHandRF",
      "Segments": [
        0,
        0,
        0,
        2.167,
        0
      ]
    },
    {
      "Target": "Parameter",
      "Id": "ParamHandRG",
      "Segments": [
        0,
        0,
        0,
        2.167,
        0
      ]
    },
    {
      "Target": "Parameter",
      "Id": "ParamHandRH",
      "Segments": [
        0,
        0,
        0,
        2.167,
        0
      ]
    },
    {
      "Target": "Parameter",
      "Id": "ParamHandRI",
      "Segments": [
        0,
        0,
        0,
        2.167,
        0
      ]
    },
    {
      "Target": "Parameter",
      "Id": "ParamHandRK",
      "Segments": [
        0,
        0,
        0,
        2.167,
        0
      ]
    },
    {
      "Target": "Parameter",
      "Id": "ParamArmL4",
      "Segments": [
        0,
        0,
        0,
        2.167,
        0
      ]
    },
    {
      "Target": "Parameter",
      "Id": "ParamArmL5",
      "Segments": [
        0,
        0,
        0,
        2.167,
        0
      ]
    },
    {
      "Target": "Parameter",
      "Id": "ParamArmL9",
      "Segments": [
        0,
        -0.8,
        0,
        2.167,
        -0.8
      ]
    },
    {
      "Target": "Parameter",
      "Id": "ParamHandLB",
      "Segments": [
        0,
        0,
        0,
        2.167,
        0
      ]
    },
    {
      "Target": "Parameter",
      "Id": "ParamHandLC",
      "Segments": [
        0,
        0,
        0,
        2.167,
        0
      ]
    },
    {
      "Target": "Parameter",
      "Id": "ParamHandLD",
      "Segments": [
        0,
        0,
        0,
        2.167,
        0
      ]
    },
    {
      "Target": "Parameter",
      "Id": "ParamHandLE",
      "Segments": [
        0,
        0,
        0,
        2.167,
        0
      ]
    },
    {
      "Target": "Parameter",
      "Id": "ParamHandLF",
      "Segments": [
        0,
        0,
        0,
        2.167,
        0
      ]
    },
    {
      "Target": "Parameter",
      "Id": "ParamHandLH",
      "Segments": [
        0,
        0,
        0,
        2.167,
        0
      ]
    },
    {
      "Target": "Parameter",
      "Id": "ParamHandLI",
      "Segments": [
        0,
        0,
        0,
        2.167,
        0
      ]
    },
    {
      "Target": "Parameter",
      "Id": "ParamHandLJ",
      "Segments": [
        0,
        0,
        0,
        2.167,
        0
      ]
    },
    {
      "Target": "Parameter",
      "Id": "ParamHandLK",
      "Segments": [
        0,
        0,
        0,
        2.167,
        0
      ]
    }
  ],
  "UserData": [
    {
      "Time": 0.367,
      "Value": "eyeblink,0.20,0.00,0.20"
    }
  ]
}