{
  "Version": 3,
  "Meta": {
    "Duration": 2.217,
    "Fps": 60.0,
    "Loop": true,
    "AreBeziersRestricted": true,
    "CurveCount": 71,
    "UserDataCount": 1,
    "TotalSegmentCount": 249,
    "TotalPointCount": 271,
    "TotalUserDataSize": 22
  },
  "Curves": [
    {
      "Target": "Parameter",
      "Id": "ParamArmL8",
      "Segments": [
        0,
        20,
        0,
        0.5,
        40,
        1,
        0.65,
        40,
        0.8,
        21.747,
        0.95,
        15,
        1,
        1.122,
        7.254,
        1.295,
        7.0,
        1.467,
        7,
        2,
        2.217,
        7
      ]
    },
    {
      "Target": "Parameter",
      "Id": "ParamArmR8",
      "Segments": [
        0,
        18,
        0,
        0.5,
        40,
        0,
        0.95,
        16,
        2,
        2.217,
        16
      ]
    },
    {
      "Target": "Parameter",
      "Id": "ParamPositionY",
      "Segments": [
        0,
        0,
        0,
        0.4,
        0,
        0,
        0.817,
        2,
        0,
        1.183,
        -1,
        0,
        1.533,
        0,
        2,
        2.217,
        0
      ]
    },
    {
      "Target": "Parameter",
      "Id": "ParamAngleY",
      "Segments": [
        0,
        0,
        0,
        0.2,
        10,
        0,
        0.533,
        -15,
        0,
        0.867,
        15,
        0,
        1.183,
        -8,
        0,
        1.533,
        0,
        2,
        2.217,
        0
      ]
    },
    {
      "Target": "Parameter",
      "Id": "ParamAngleZ",
      "Segments": [
        0,
        -2,
        0,
        0.2,
        -7,
        2,
        0.533,
        -7,
        0,
        0.867,
        -2,
        0,
        1.183,
        -6,
        2,
        2.217,
        -6
      ]
    },
    {
      "Target": "Parameter",
      "Id": "ParamEyeROpen",
      "Segments": [
        0,
        1,
        0,
        0.65,
        1,
        0,
        0.85,
        0,
        0,
        1.083,
        1,
        2,
        2.217,
        1
      ]
    },
    {
      "Target": "Parameter",
      "Id": "ParamEyeLOpen",
      "Segments": [
        0,
        1,
        0,
        0.65,
        1,
        0,
        0.85,
        0,
        0,
        1.083,
        1,
        2,
        2.217,
        1
      ]
    },
    {
      "Target": "Parameter",
      "Id": "ParamBodyAngleY",
      "Segments": [
        0,
        0,
        0,
        0.25,
        -3,
        1,
        0.344,
        -4.649,
        0.439,
        -5.0,
        0.533,
        -5,
        0,
        0.917,
        3,
        2,
        0.983,
        3,
        0,
        1.283,
        -4,
        0,
        1.683,
        0,
        2,
        2.217,
        0
      ]
    },
    {
      "Target": "Parameter",
      "Id": "ParamUpperBodyZ",
      "Segments": [
        0,
        5,
        0,
        0.25,
        3,
        1,
        0.344,
        3,
        0.439,
        3.446,
        0.533,
        4,
        1,
        0.661,
        4.75,
        0.789,
        5.0,
        0.917,
        5,
        2,
        0.983,
        5,
        0,
        1.283,
        4,
        2,
        1.683,
        4,
        2,
        2.217,
        4
      ]
    },
    {
      "Target": "Parameter",
      "Id": "ParamUpperBody",
      "Segments": [
        0,
        0,
        0,
        0.917,
        1,
        2,
        0.983,
        1,
        1,
        1.083,
        1,
        1.183,
        0.56,
        1.283,
        0,
        1,
        1.416,
        -0.747,
        1.55,
        -1.0,
        1.683,
        -1,
        2,
        2.217,
        -1
      ]
    },
    {
      "Target": "Parameter",
      "Id": "ParamShoulderR",
      "Segments": [
        0,
        8,
        0,
        0.067,
        8,
        0,
        0.467,
        1,
        0,
        0.883,
        9,
        0,
        1.25,
        6,
        0,
        1.617,
        7,
        2,
        2.217,
        7
      ]
    },
    {
      "Target": "Parameter",
      "Id": "ParamArmR1",
      "Segments": [
        0,
        -41,
        0,
        0.067,
        -41,
        0,
        0.467,
        -34,
        0,
        0.883,
        -42,
        0,
        1.25,
        -41,
        2,
        1.617,
        -41,
        2,
        2.217,
        -41
      ]
    },
    {
      "Target": "Parameter",
      "Id": "ParamArmR2",
      "Segments": [
        0,
        42,
        0,
        0.1,
        42,
        2,
        0.183,
        42,
        0,
        0.517,
        45,
        0,
        0.833,
        42,
        0,
        1.283,
        43,
        2,
        1.667,
        43,
        2,
        2.217,
        43
      ]
    },
    {
      "Target": "Parameter",
      "Id": "ParamArmR3",
      "Segments": [
        0,
        28,
        0,
        0.133,
        28,
        0,
        0.533,
        40,
        1,
        0.644,
        40,
        0.756,
        19.587,
        0.867,
        18,
        1,
        1.017,
        15.857,
        1.167,
        16.0,
        1.317,
        16,
        2,
        1.683,
        16,
        2,
        2.217,
        16
      ]
    },
    {
      "Target": "Parameter",
      "Id": "ParamArmR4",
      "Segments": [
        0,
        28,
        0,
        0.067,
        28,
        0,
        0.467,
        12,
        0,
        0.883,
        30,
        0,
        1.25,
        28,
        2,
        1.617,
        28,
        2,
        2.217,
        28
      ]
    },
    {
      "Target": "Parameter",
      "Id": "ParamArmR5",
      "Segments": [
        0,
        6,
        0,
        0.1,
        6,
        0,
        0.5,
        9,
        0,
        0.833,
        6,
        0,
        1.283,
        7,
        0,
        1.667,
        6,
        2,
        2.217,
        6
      ]
    },
    {
      "Target": "Parameter",
      "Id": "ParamFingerR",
      "Segments": [
        0,
        0,
        0,
        0.55,
        5,
        0,
        1,
        0,
        0,
        1.433,
        6,
        2,
        2.217,
        6
      ]
    },
    {
      "Target": "Parameter",
      "Id": "ParamShoulderL",
      "Segments": [
        0,
        8,
        0,
        0.083,
        8,
        0,
        0.483,
        1,
        0,
        0.9,
        9,
        0,
        1.267,
        7,
        0,
        1.633,
        8,
        2,
        2.217,
        8
      ]
    },
    {
      "Target": "Parameter",
      "Id": "ParamArmL1",
      "Segments": [
        0,
        -43,
        0,
        0.083,
        -43,
        0,
        0.483,
        -30,
        0,
        0.85,
        -44,
        0,
        1.267,
        -43,
        2,
        1.633,
        -43,
        2,
        2.217,
        -43
      ]
    },
    {
      "Target": "Parameter",
      "Id": "ParamArmL2",
      "Segments": [
        0,
        41,
        0,
        0.117,
        41,
        0,
        0.517,
        46,
        0,
        0.883,
        41,
        0,
        1.3,
        42,
        2,
        1.667,
        42,
        2,
        2.217,
        42
      ]
    },
    {
      "Target": "Parameter",
      "Id": "ParamArmL3",
      "Segments": [
        0,
        33,
        0,
        0.15,
        33,
        0,
        0.55,
        40,
        1,
        0.672,
        40,
        0.795,
        17.044,
        0.917,
        16,
        1,
        1.056,
        14.814,
        1.194,
        15.0,
        1.333,
        15,
        0,
        1.7,
        16,
        2,
        2.217,
        16
      ]
    },
    {
      "Target": "Parameter",
      "Id": "ParamArmL4",
      "Segments": [
        0,
        27,
        0,
        0.083,
        27,
        0,
        0.483,
        9,
        0,
        0.85,
        30,
        0,
        1.267,
        27,
        2,
        1.633,
        27,
        2,
        2.217,
        27
      ]
    },
    {
      "Target": "Parameter",
      "Id": "ParamArmL5",
      "Segments": [
        0,
        7,
        0,
        0.117,
        7,
        0,
        0.517,
        9,
        0,
        0.933,
        7,
        0,
        1.3,
        8,
        0,
        1.667,
        7,
        2,
        2.217,
        7
      ]
    },
    {
      "Target": "Parameter",
      "Id": "ParamFingerL",
      "Segments": [
        0,
        0,
        0,
        0.55,
        5,
        0,
        1,
        0,
        0,
        1.433,
        5,
        2,
        2.217,
        5
      ]
    },
    {
      "Target": "Parameter",
      "Id": "ParamArmL7",
      "Segments": [
        0,
        5,
        0,
        2.217,
        5
      ]
    },
    {
      "Target": "Parameter",
      "Id": "ParamArmR7",
      "Segments": [
        0,
        5,
        0,
        2.217,
        5
      ]
    },
    {
      "Target": "Parameter",
      "Id": "ParamHandRL",
      "Segments": [
        0,
        0,
        0,
        2.217,
        0
      ]
    },
    {
      "Target": "Parameter",
      "Id": "ParamHandRM",
      "Segments": [
        0,
        0,
        0,
        2.217,
        0
      ]
    },
    {
      "Target": "Parameter",
      "Id": "ParamHandRN",
      "Segments": [
        0,
        0,
        0,
        2.217,
        0
      ]
    },
    {
      "Target": "Parameter",
      "Id": "ParamHandRO",
      "Segments": [
        0,
        0,
        0,
        2.217,
        0
      ]
    },
    {
      "Target": "Parameter",
      "Id": "ParamHandRP",
      "Segments": [
        0,
        0,
        0,
        2.217,
        0
      ]
    },
    {
      "Target": "Parameter",
      "Id": "ParamHandLL",
      "Segments": [
        0,
        0,
        0,
        2.217,
        0
      ]
    },
    {
      "Target": "Parameter",
      "Id": "ParamHandLM",
      "Segments": [
        0,
        0,
        0,
        2.217,
        0
      ]
    },
    {
      "Target": "Parameter",
      "Id": "ParamHandLN",
      "Segments": [
        0,
        0,
        0,
        2.217,
        0
      ]
    },
    {
      "Target": "Parameter",
      "Id": "ParamHandLO",
      "Segments": [
        0,
        0,
        0,
        2.217,
        0
      ]
    },
    {
      "Target": "Parameter",
      "Id": "ParamHandLP",
      "Segments": [
        0,
        0,
        0,
        2.217,
        0
      ]
    },
    {
      "Target": "Parameter",
      "Id": "ParamPositionX",
      "Segments": [
        0,
        0,
        0,
        2.217,
        0
      ]
    },
    {
      "Target": "Parameter",
      "Id": "ParamRotationZ",
      "Segments": [
        0,
        0,
        0,
        2.217,
        0
      ]
    },
    {
      "Target": "Parameter",
      "Id": "ParamAngleX",
      "Segments": [
        0,
        -2,
        0,
        2.217,
        -2
      ]
    },
    {
      "Target": "Parameter",
      "Id": "ParamEyeballX",
      "Segments": [
        0,
        0,
        0,
        2.217,
        0
      ]
    },
    {
      "Target": "Parameter",
      "Id": "ParamBodyAngleX",
      "Segments": [
        0,
        -3,
        0,
        2.217,
        -3
      ]
    },
    {
      "Target": "Parameter",
      "Id": "ParamBodyAngleZ",
      "Segments": [
        0,
        -3,
        0,
        2.217,
        -3
      ]
    },
    {
      "Target": "Parameter",
      "Id": "ParamBreath",
      "Segments": [
        0,
        0,
        0,
        2.217,
        0
      ]
    },
    {
      "Target": "Parameter",
      "Id": "ParamLegLZ",
      "Segments": [
        0,
        -1,
        0,
        2.217,
        -1
      ]
    },
    {
      "Target": "Parameter",
      "Id": "ParamLegRZ",
      "Segments": [
        0,
        -3,
        0,
        2.217,
        -3
      ]
    },
    {
      "Target": "Parameter",
      "Id": "ParamArmR6",
      "Segments": [
        0,
        1.1,
        0,
        2.217,
        1.1
      ]
    },
    {
      "Target": "Parameter",
      "Id": "ParamArmR9",
      "Segments": [
        0,
        0.7,
        0,
        2.217,
        0.7
      ]
    },
    {
      "Target": "Parameter",
      "Id": "ParamHandRA",
      "Segments": [
        0,
        0,
        0,
        2.217,
        0
      ]
    },
    {
      "Target": "Parameter",
      "Id": "ParamHandRB",
      "Segments": [
        0,
        0,
        0,
        2.217,
        0
      ]
    },
    {
      "Target": "Parameter",
      "Id": "ParamHandRC",
      "Segments": [
        0,
        0,
        0,
        2.217,
        0
      ]
    },
    {
      "Target": "Parameter",
      "Id": "ParamHandRD",
      "Segments": [
        0,
        0,
        0,
        2.217,
        0
      ]
    },
    {
      "Target": "Parameter",
      "Id": "ParamHandRE",
      "Segments": [
        0,
        0,
        0,
        2.217,
        0
      ]
    },
    {
      "Target": "Parameter",
      "Id": "ParamHandRF",
      "Segments": [
        0,
        1,
        0,
        2.217,
        1
      ]
    },
    {
      "Target": "Parameter",
      "Id": "ParamHandRG",
      "Segments": [
        0,
        0,
        0,
        2.217,
        0
      ]
    },
    {
      "Target": "Parameter",
      "Id": "ParamHandRH",
      "Segments": [
        0,
        0,
        0,
        2.217,
        0
      ]
    },
    {
      "Target": "Parameter",
      "Id": "ParamHandRI",
      "Segments": [
        0,
        0,
        0,
        2.217,
        0
      ]
    },
    {
      "Target": "Parameter",
      "Id": "ParamHandRJ",
      "Segments": [
        0,
        0,
        0,
        2.217,
        0
      ]
    },
    {
      "Target": "Parameter",
      "Id": "ParamHandRK",
      "Segments": [
        0,
        0,
        0,
        2.217,
        0
      ]
    },
    {
      "Target": "Parameter",
      "Id": "ParamArmL6",
      "Segments": [
        0,
        1,
        0,
        2.217,
        1
      ]
    },
    {
      "Target": "Parameter",
      "Id": "ParamArmL9",
      "Segments": [
        0,
        0.7,
        0,
        2.217,
        0.7
      ]
    },
    {
      "Target": "Parameter",
      "Id": "ParamHandLA",
      "Segments": [
        0,
        0,
        0,
        2.217,
        0
      ]
    },
    {
      "Target": "Parameter",
      "Id": "ParamHandLB",
      "Segments": [
        0,
        0,
        0,
        2.217,
        0
      ]
    },
    {
      "Target": "Parameter",
      "Id": "ParamHandLC",
      "Segments": [
        0,
        0,
        0,
        2.217,
        0
      ]
    },
    {
      "Target": "Parameter",
      "Id": "ParamHandLD",
      "Segments": [
        0,
        0,
        0,
        2.217,
        0
      ]
    },
    {
      "Target": "Parameter",
      "Id": "ParamHandLE",
      "Segments": [
        0,
        0,
        0,
        2.217,
        0
      ]
    },
    {
      "Target": "Parameter",
      "Id": "ParamHandLF",
      "Segments": [
        0,
        1,
        0,
        2.217,
        1
      ]
    },
    {
      "Target": "Parameter",
      "Id": "ParamHandLG",
      "Segments": [
        0,
        0,
        0,
        2.217,
        0
      ]
    },
    {
      "Target": "Parameter",
      "Id": "ParamHandLH",
      "Segments": [
        0,
        0,
        0,
        2.217,
        0
      ]
    },
    {
      "Target": "Parameter",
      "Id": "ParamHandLI",
      "Segments": [
        0,
        0,
        0,
        2.217,
        0
      ]
    },
    {
      "Target": "Parameter",
      "Id": "ParamHandLJ",
      "Segments": [
        0,
        0,
        0,
        2.217,
        0
      ]
    },
    {
      "Target": "Parameter",
      "Id": "ParamHandLK",
      "Segments": [
        0,
        0,
        0,
        2.217,
        0
      ]
    }
  ],
  "UserData": [
    {
      "Time": 0.183,
      "Value": "eyeblink,0.2,0.79,0.24"
    }
  ]
}