{
  "Version": 3,
  "Meta": {
    "Duration": 3.35,
    "Fps": 60.0,
    "Loop": true,
    "AreBeziersRestricted": true,
    "CurveCount": 71,
    "UserDataCount": 0,
    "TotalSegmentCount": 254,
    "TotalPointCount": 296,
    "TotalUserDataSize": 0
  },
  "Curves": [
    {
      "Target": "Parameter",
      "Id": "ParamArmL8",
      "Segments": [
        0,
        -3,
        0,
        0.733,
        -16,
        0,
        1.333,
        0,
        0,
        1.95,
        -7,
        0,
        2.55,
        0,
        2,
        3.35,
        0
      ]
    },
    {
      "Target": "Parameter",
      "Id": "ParamArmR8",
      "Segments": [
        0,
        -40,
        0,
        0.783,
        -21,
        0,
        1.333,
        -40,
        0,
        1.683,
        -24,
        0,
        2.1,
        -40,
        0,
        2.717,
        -23.04,
        2,
        3.35,
        -23.04
      ]
    },
    {
      "Target": "Parameter",
      "Id": "ParamRotationZ",
      "Segments": [
        0,
        0,
        0,
        0.517,
        0,
        0,
        1.167,
        -1,
        0,
        2.117,
        0,
        2,
        3.35,
        0
      ]
    },
    {
      "Target": "Parameter",
      "Id": "ParamAngleX",
      "Segments": [
        0,
        -7,
        0,
        0.033,
        -7,
        0,
        0.45,
        -19,
        1,
        0.689,
        -19,
        0.928,
        -19.241,
        1.167,
        -18,
        1,
        1.411,
        -16.73,
        1.656,
        -4.98,
        1.9,
        -4.98,
        1,
        2.033,
        -4.98,
        2.167,
        -4.994,
        2.3,
        -6,
        1,
        2.411,
        -6.839,
        2.522,
        -9.0,
        2.633,
        -9,
        2,
        3.35,
        -9
      ]
    },
    {
      "Target": "Parameter",
      "Id": "ParamAngleY",
      "Segments": [
        0,
        -20,
        0,
        0.083,
        -23.082,
        1,
        0.228,
        -23.082,
        0.372,
        -7.764,
        0.517,
        4,
        1,
        0.684,
        17.574,
        0.85,
        20.0,
        1.017,
        20,
        1,
        1.195,
        20,
        1.372,
        19.962,
        1.55,
        19,
        1,
        1.65,
        18.459,
        1.75,
        15.7,
        1.85,
        11,
        1,
        1.983,
        4.733,
        2.117,
        -19.0,
        2.25,
        -19,
        2,
        3.35,
        -19
      ]
    },
    {
      "Target": "Parameter",
      "Id": "ParamAngleZ",
      "Segments": [
        0,
        -25,
        0,
        0.083,
        -25,
        0,
        0.55,
        -9,
        2,
        0.667,
        -9,
        0,
        1.167,
        -28,
        0,
        1.583,
        -23,
        2,
        1.967,
        -23,
        0,
        2.483,
        -17,
        2,
        3.35,
        -17
      ]
    },
    {
      "Target": "Parameter",
      "Id": "ParamEyeROpen",
      "Segments": [
        0,
        0.7,
        0,
        0.417,
        0.7,
        0,
        0.833,
        0,
        2,
        2.167,
        0,
        2,
        3.35,
        0
      ]
    },
    {
      "Target": "Parameter",
      "Id": "ParamEyeballX",
      "Segments": [
        0,
        0,
        0,
        2.117,
        0,
        0,
        2.633,
        0.1,
        2,
        3.35,
        0.1
      ]
    },
    {
      "Target": "Parameter",
      "Id": "ParamBodyAngleX",
      "Segments": [
        0,
        5,
        0,
        0.4,
        9,
        1,
        0.522,
        10.0,
        0.645,
        10.0,
        0.767,
        10,
        1,
        0.878,
        10,
        0.989,
        9.283,
        1.1,
        7,
        1,
        1.244,
        4.032,
        1.389,
        2.0,
        1.533,
        2,
        0,
        2.1,
        10,
        0,
        2.5,
        5,
        2,
        3.35,
        5
      ]
    },
    {
      "Target": "Parameter",
      "Id": "ParamBodyAngleY",
      "Segments": [
        0,
        0,
        0,
        0.483,
        2,
        0,
        1.1,
        -1,
        0,
        1.7,
        0,
        2,
        3.35,
        0
      ]
    },
    {
      "Target": "Parameter",
      "Id": "ParamBodyAngleZ",
      "Segments": [
        0,
        -1,
        0,
        0.483,
        0,
        0,
        1.533,
        -1,
        2,
        3.35,
        -1
      ]
    },
    {
      "Target": "Parameter",
      "Id": "ParamUpperBodyZ",
      "Segments": [
        0,
        7,
        0,
        0.083,
        7,
        0,
        0.567,
        9,
        0,
        1.167,
        7,
        0,
        1.683,
        8,
        0,
        2.583,
        7,
        2,
        3.35,
        7
      ]
    },
    {
      "Target": "Parameter",
      "Id": "ParamShoulderR",
      "Segments": [
        0,
        8,
        0,
        0.4,
        10,
        0,
        0.767,
        8,
        0,
        1.15,
        9,
        0,
        1.533,
        8,
        0,
        2.1,
        9,
        0,
        2.65,
        8,
        2,
        3.35,
        8
      ]
    },
    {
      "Target": "Parameter",
      "Id": "ParamArmR1",
      "Segments": [
        0,
        19,
        0,
        0.483,
        38,
        1,
        0.605,
        45.06,
        0.728,
        46.0,
        0.85,
        46,
        0,
        1.2,
        37.973,
        0,
        1.583,
        40,
        0,
        2.15,
        32.78,
        0,
        2.733,
        38,
        2,
        3.35,
        38
      ]
    },
    {
      "Target": "Parameter",
      "Id": "ParamArmR2",
      "Segments": [
        0,
        54,
        0,
        0.4,
        57,
        2,
        0.767,
        57,
        1,
        0.895,
        57,
        1.022,
        56.063,
        1.15,
        56,
        1,
        1.278,
        55.937,
        1.405,
        55.961,
        1.533,
        55.9,
        1,
        1.722,
        55.81,
        1.911,
        55.581,
        2.1,
        55.3,
        1,
        2.283,
        55.028,
        2.467,
        54.6,
        2.65,
        54.6,
        2,
        3.35,
        54.6
      ]
    },
    {
      "Target": "Parameter",
      "Id": "ParamArmR3",
      "Segments": [
        0,
        -37,
        0,
        0.467,
        -27,
        1,
        0.545,
        -23.044,
        0.622,
        -17.0,
        0.7,
        -17,
        0,
        1.217,
        -40,
        0,
        1.6,
        -25,
        0,
        2.167,
        -40,
        0,
        2.717,
        -25,
        2,
        3.35,
        -25
      ]
    },
    {
      "Target": "Parameter",
      "Id": "ParamArmR4",
      "Segments": [
        0,
        29,
        0,
        0.467,
        28.991,
        1,
        0.656,
        28.975,
        0.844,
        20.0,
        1.033,
        20,
        0,
        1.683,
        29,
        1,
        1.866,
        29,
        2.05,
        27.998,
        2.233,
        27.02,
        1,
        2.405,
        26.102,
        2.578,
        25.94,
        2.75,
        25.94,
        2,
        3.35,
        25.94
      ]
    },
    {
      "Target": "Parameter",
      "Id": "ParamArmR5",
      "Segments": [
        0,
        9,
        0,
        0.467,
        8,
        0,
        1.217,
        9,
        0,
        1.683,
        8,
        0,
        2.233,
        9,
        2,
        2.717,
        9,
        2,
        3.35,
        9
      ]
    },
    {
      "Target": "Parameter",
      "Id": "ParamFingerR",
      "Segments": [
        0,
        0,
        0,
        0.8,
        10,
        0,
        1.317,
        -6,
        0,
        1.833,
        6,
        0,
        2.283,
        -5,
        0,
        2.8,
        0,
        2,
        3.35,
        0
      ]
    },
    {
      "Target": "Parameter",
      "Id": "ParamShoulderL",
      "Segments": [
        0,
        2,
        0,
        0.05,
        2,
        0,
        0.5,
        8,
        0,
        1.133,
        6,
        0,
        1.767,
        8,
        2,
        3.35,
        8
      ]
    },
    {
      "Target": "Parameter",
      "Id": "ParamArmL1",
      "Segments": [
        0,
        -31.8,
        0,
        0.1,
        -31.8,
        0,
        0.55,
        -27,
        0,
        1.183,
        -34.49,
        0,
        1.817,
        -30.03,
        0,
        2.6,
        -34,
        2,
        3.35,
        -34
      ]
    },
    {
      "Target": "Parameter",
      "Id": "ParamArmL2",
      "Segments": [
        0,
        -1,
        0,
        0.15,
        -1,
        0,
        0.6,
        -2,
        0,
        1.233,
        -1,
        0,
        1.85,
        -2.1,
        2,
        3.35,
        -2.1
      ]
    },
    {
      "Target": "Parameter",
      "Id": "ParamArmL3",
      "Segments": [
        0,
        2,
        0,
        0.2,
        2,
        0,
        0.65,
        -12,
        0,
        1.283,
        2,
        0,
        1.883,
        -4,
        0,
        2.667,
        2,
        2,
        3.35,
        2
      ]
    },
    {
      "Target": "Parameter",
      "Id": "ParamFingerL",
      "Segments": [
        0,
        0,
        0,
        0.583,
        6,
        0,
        1.517,
        -5,
        0,
        2.383,
        0,
        2,
        3.35,
        0
      ]
    },
    {
      "Target": "Parameter",
      "Id": "ParamArmL7",
      "Segments": [
        0,
        0,
        0,
        3.35,
        0
      ]
    },
    {
      "Target": "Parameter",
      "Id": "ParamArmR7",
      "Segments": [
        0,
        -2,
        0,
        3.35,
        -2
      ]
    },
    {
      "Target": "Parameter",
      "Id": "ParamHandRL",
      "Segments": [
        0,
        0,
        0,
        3.35,
        0
      ]
    },
    {
      "Target": "Parameter",
      "Id": "ParamHandRM",
      "Segments": [
        0,
        0,
        0,
        3.35,
        0
      ]
    },
    {
      "Target": "Parameter",
      "Id": "ParamHandRN",
      "Segments": [
        0,
        0,
        0,
        3.35,
        0
      ]
    },
    {
      "Target": "Parameter",
      "Id": "ParamHandRO",
      "Segments": [
        0,
        0,
        0,
        3.35,
        0
      ]
    },
    {
      "Target": "Parameter",
      "Id": "ParamHandRP",
      "Segments": [
        0,
        0,
        0,
        3.35,
        0
      ]
    },
    {
      "Target": "Parameter",
      "Id": "ParamHandLL",
      "Segments": [
        0,
        0,
        0,
        3.35,
        0
      ]
    },
    {
      "Target": "Parameter",
      "Id": "ParamHandLM",
      "Segments": [
        0,
        0,
        0,
        3.35,
        0
      ]
    },
    {
      "Target": "Parameter",
      "Id": "ParamHandLN",
      "Segments": [
        0,
        0,
        0,
        3.35,
        0
      ]
    },
    {
      "Target": "Parameter",
      "Id": "ParamHandLO",
      "Segments": [
        0,
        0,
        0,
        3.35,
        0
      ]
    },
    {
      "Target": "Parameter",
      "Id": "ParamHandLP",
      "Segments": [
        0,
        0,
        0,
        3.35,
        0
      ]
    },
    {
      "Target": "Parameter",
      "Id": "ParamPositionX",
      "Segments": [
        0,
        0,
        0,
        3.35,
        0
      ]
    },
    {
      "Target": "Parameter",
      "Id": "ParamPositionY",
      "Segments": [
        0,
        0,
        0,
        3.35,
        0
      ]
    },
    {
      "Target": "Parameter",
      "Id": "ParamEyeLOpen",
      "Segments": [
        0,
        0.7,
        0,
        3.35,
        0.7
      ]
    },
    {
      "Target": "Parameter",
      "Id": "ParamUpperBody",
      "Segments": [
        0,
        0,
        0,
        3.35,
        0
      ]
    },
    {
      "Target": "Parameter",
      "Id": "ParamBreath",
      "Segments": [
        0,
        0,
        0,
        3.35,
        0
      ]
    },
    {
      "Target": "Parameter",
      "Id": "ParamLegLZ",
      "Segments": [
        0,
        2,
        0,
        3.35,
        2
      ]
    },
    {
      "Target": "Parameter",
      "Id": "ParamLegRZ",
      "Segments": [
        0,
        -2,
        0,
        3.35,
        -2
      ]
    },
    {
      "Target": "Parameter",
      "Id": "ParamArmR6",
      "Segments": [
        0,
        1,
        0,
        3.35,
        1
      ]
    },
    {
      "Target": "Parameter",
      "Id": "ParamArmR9",
      "Segments": [
        0,
        0.8,
        0,
        3.35,
        0.8
      ]
    },
    {
      "Target": "Parameter",
      "Id": "ParamHandRA",
      "Segments": [
        0,
        0,
        0,
        3.35,
        0
      ]
    },
    {
      "Target": "Parameter",
      "Id": "ParamHandRB",
      "Segments": [
        0,
        0,
        0,
        3.35,
        0
      ]
    },
    {
      "Target": "Parameter",
      "Id": "ParamHandRC",
      "Segments": [
        0,
        1,
        0,
        3.35,
        1
      ]
    },
    {
      "Target": "Parameter",
      "Id": "ParamHandRD",
      "Segments": [
        0,
        0,
        0,
        3.35,
        0
      ]
    },
    {
      "Target": "Parameter",
      "Id": "ParamHandRE",
      "Segments": [
        0,
        0,
        0,
        3.35,
        0
      ]
    },
    {
      "Target": "Parameter",
      "Id": "ParamHandRF",
      "Segments": [
        0,
        0,
        0,
        3.35,
        0
      ]
    },
    {
      "Target": "Parameter",
      "Id": "ParamHandRG",
      "Segments": [
        0,
        0,
        0,
        3.35,
        0
      ]
    },
    {
      "Target": "Parameter",
      "Id": "ParamHandRH",
      "Segments": [
        0,
        0,
        0,
        3.35,
        0
      ]
    },
    {
      "Target": "Parameter",
      "Id": "ParamHandRI",
      "Segments": [
        0,
        0,
        0,
        3.35,
        0
      ]
    },
    {
      "Target": "Parameter",
      "Id": "ParamHandRJ",
      "Segments": [
        0,
        0,
        0,
        3.35,
        0
      ]
    },
    {
      "Target": "Parameter",
      "Id": "ParamHandRK",
      "Segments": [
        0,
        0,
        0,
        3.35,
        0
      ]
    },
    {
      "Target": "Parameter",
      "Id": "ParamArmL4",
      "Segments": [
        0,
        0,
        0,
        3.35,
        0
      ]
    },
    {
      "Target": "Parameter",
      "Id": "ParamArmL5",
      "Segments": [
        0,
        0,
        0,
        3.35,
        0
      ]
    },
    {
      "Target": "Parameter",
      "Id": "ParamArmL6",
      "Segments": [
        0,
        0,
        0,
        3.35,
        0
      ]
    },
    {
      "Target": "Parameter",
      "Id": "ParamArmL9",
      "Segments": [
        0,
        -0.8,
        0,
        3.35,
        -0.8
      ]
    },
    {
      "Target": "Parameter",
      "Id": "ParamHandLA",
      "Segments": [
        0,
        1,
        0,
        3.35,
        1
      ]
    },
    {
      "Target": "Parameter",
      "Id": "ParamHandLB",
      "Segments": [
        0,
        0,
        0,
        3.35,
        0
      ]
    },
    {
      "Target": "Parameter",
      "Id": "ParamHandLC",
      "Segments": [
        0,
        0,
        0,
        3.35,
        0
      ]
    },
    {
      "Target": "Parameter",
      "Id": "ParamHandLD",
      "Segments": [
        0,
        0,
        0,
        3.35,
        0
      ]
    },
    {
      "Target": "Parameter",
      "Id": "ParamHandLE",
      "Segments": [
        0,
        0,
        0,
        3.35,
        0
      ]
    },
    {
      "Target": "Parameter",
      "Id": "ParamHandLF",
      "Segments": [
        0,
        0,
        0,
        3.35,
        0
      ]
    },
    {
      "Target": "Parameter",
      "Id": "ParamHandLG",
      "Segments": [
        0,
        0,
        0,
        3.35,
        0
      ]
    },
    {
      "Target": "Parameter",
      "Id": "ParamHandLH",
      "Segments": [
        0,
        0,
        0,
        3.35,
        0
      ]
    },
    {
      "Target": "Parameter",
      "Id": "ParamHandLI",
      "Segments": [
        0,
        0,
        0,
        3.35,
        0
      ]
    },
    {
      "Target": "Parameter",
      "Id": "ParamHandLJ",
      "Segments": [
        0,
        0,
        0,
        3.35,
        0
      ]
    },
    {
      "Target": "Parameter",
      "Id": "ParamHandLK",
      "Segments": [
        0,
        0,
        0,
        3.35,
        0
      ]
    }
  ],
  "UserData": []
}