{
  "Version": 3,
  "Meta": {
    "Duration": 2.4,
    "Fps": 60.0,
    "Loop": true,
    "AreBeziersRestricted": true,
    "CurveCount": 71,
    "UserDataCount": 1,
    "TotalSegmentCount": 235,
    "TotalPointCount": 261,
    "TotalUserDataSize": 19
  },
  "Curves": [
    {
      "Target": "Parameter",
      "Id": "ParamArmL8",
      "Segments": [
        0,
        -38,
        0,
        0.467,
        -40,
        0,
        0.717,
        -30,
        0,
        1.25,
        -40,
        2,
        2.4,
        -40
      ]
    },
    {
      "Target": "Parameter",
      "Id": "ParamArmR8",
      "Segments": [
        0,
        25,
        0,
        0.433,
        11,
        0,
        0.917,
        35,
        0,
        1.467,
        24,
        2,
        2.4,
        24
      ]
    },
    {
      "Target": "Parameter",
      "Id": "ParamPositionY",
      "Segments": [
        0,
        0,
        0,
        0.283,
        1,
        2,
        0.35,
        1,
        0,
        0.8,
        -1,
        2,
        0.983,
        -1,
        0,
        1.5,
        0,
        2,
        2.4,
        0
      ]
    },
    {
      "Target": "Parameter",
      "Id": "ParamAngleX",
      "Segments": [
        0,
        -2,
        0,
        0.083,
        -2,
        0,
        0.367,
        2,
        2,
        0.433,
        2,
        1,
        0.583,
        2,
        0.733,
        -3.665,
        0.883,
        -7,
        1,
        0.944,
        -8.359,
        1.006,
        -8.0,
        1.067,
        -8,
        0,
        1.583,
        -4,
        2,
        2.4,
        -4
      ]
    },
    {
      "Target": "Parameter",
      "Id": "ParamAngleY",
      "Segments": [
        0,
        0,
        0,
        0.117,
        0,
        1,
        0.211,
        0,
        0.306,
        13.64,
        0.4,
        21,
        1,
        0.422,
        22.732,
        0.445,
        22.0,
        0.467,
        22,
        1,
        0.617,
        22,
        0.767,
        10.551,
        0.917,
        0,
        1,
        0.978,
        -4.298,
        1.039,
        -4.0,
        1.1,
        -4,
        0,
        1.617,
        0,
        2,
        2.4,
        0
      ]
    },
    {
      "Target": "Parameter",
      "Id": "ParamAngleZ",
      "Segments": [
        0,
        -2,
        0,
        0.133,
        -2,
        0,
        0.417,
        11,
        2,
        0.483,
        11,
        1,
        0.633,
        11,
        0.783,
        -5.862,
        0.933,
        -10,
        1,
        0.994,
        -11.686,
        1.056,
        -11.0,
        1.117,
        -11,
        0,
        1.633,
        -9,
        2,
        2.4,
        -9
      ]
    },
    {
      "Target": "Parameter",
      "Id": "ParamEyeROpen",
      "Segments": [
        0,
        1,
        0,
        0.25,
        1,
        0,
        0.45,
        0,
        0,
        0.717,
        1,
        2,
        2.4,
        1
      ]
    },
    {
      "Target": "Parameter",
      "Id": "ParamEyeLOpen",
      "Segments": [
        0,
        1,
        0,
        0.25,
        1,
        0,
        0.45,
        0,
        0,
        0.717,
        1,
        2,
        2.4,
        1
      ]
    },
    {
      "Target": "Parameter",
      "Id": "ParamBodyAngleX",
      "Segments": [
        0,
        -3,
        0,
        0.283,
        3,
        1,
        0.455,
        3,
        0.628,
        -1.876,
        0.8,
        -4,
        1,
        1.028,
        -6.809,
        1.255,
        -7.0,
        1.483,
        -7,
        2,
        2.4,
        -7
      ]
    },
    {
      "Target": "Parameter",
      "Id": "ParamBodyAngleY",
      "Segments": [
        0,
        0,
        0,
        0.283,
        4,
        2,
        0.35,
        4,
        1,
        0.5,
        4,
        0.65,
        -1.665,
        0.8,
        -5,
        1,
        0.861,
        -6.359,
        0.922,
        -6.0,
        0.983,
        -6,
        0,
        1.483,
        -3,
        2,
        2.4,
        -3
      ]
    },
    {
      "Target": "Parameter",
      "Id": "ParamBodyAngleZ",
      "Segments": [
        0,
        -3,
        0,
        0.8,
        2,
        2,
        0.983,
        2,
        2,
        1.483,
        2,
        2,
        2.4,
        2
      ]
    },
    {
      "Target": "Parameter",
      "Id": "ParamUpperBodyZ",
      "Segments": [
        0,
        7,
        0,
        0.8,
        -7,
        2,
        0.983,
        -7,
        2,
        1.483,
        -7,
        2,
        2.4,
        -7
      ]
    },
    {
      "Target": "Parameter",
      "Id": "ParamShoulderR",
      "Segments": [
        0,
        8,
        0,
        0.333,
        10,
        0,
        0.85,
        7,
        2,
        1.033,
        7,
        0,
        1.4,
        8,
        2,
        2.4,
        8
      ]
    },
    {
      "Target": "Parameter",
      "Id": "ParamArmR1",
      "Segments": [
        0,
        -41,
        0,
        0.333,
        -28,
        2,
        0.85,
        -28,
        2,
        1.033,
        -28,
        0,
        1.4,
        -23,
        2,
        2.4,
        -23
      ]
    },
    {
      "Target": "Parameter",
      "Id": "ParamArmR2",
      "Segments": [
        0,
        42,
        0,
        0.383,
        46,
        1,
        0.405,
        46.485,
        0.428,
        47.0,
        0.45,
        47,
        0,
        0.9,
        42,
        2,
        1.083,
        42,
        0,
        1.45,
        43,
        2,
        2.4,
        43
      ]
    },
    {
      "Target": "Parameter",
      "Id": "ParamArmR3",
      "Segments": [
        0,
        28,
        0,
        0.433,
        14,
        0,
        0.95,
        40,
        2,
        1.133,
        40,
        0,
        1.45,
        34,
        2,
        2.4,
        34
      ]
    },
    {
      "Target": "Parameter",
      "Id": "ParamArmR4",
      "Segments": [
        0,
        28,
        0,
        0.85,
        30,
        2,
        1.033,
        30,
        2,
        1.4,
        30,
        2,
        2.4,
        30
      ]
    },
    {
      "Target": "Parameter",
      "Id": "ParamArmR5",
      "Segments": [
        0,
        6,
        0,
        0.9,
        5,
        2,
        1.083,
        5,
        2,
        1.45,
        5,
        2,
        2.4,
        5
      ]
    },
    {
      "Target": "Parameter",
      "Id": "ParamFingerR",
      "Segments": [
        0,
        0,
        0,
        0.317,
        -4,
        0,
        0.783,
        7,
        2,
        2.4,
        7
      ]
    },
    {
      "Target": "Parameter",
      "Id": "ParamShoulderL",
      "Segments": [
        0,
        5,
        0,
        0.333,
        8,
        0,
        0.833,
        4,
        0,
        1.383,
        5,
        2,
        2.4,
        5
      ]
    },
    {
      "Target": "Parameter",
      "Id": "ParamArmL1",
      "Segments": [
        0,
        -31,
        0,
        0.05,
        -31,
        0,
        0.333,
        -25,
        0,
        0.833,
        -41,
        0,
        1.383,
        -38,
        2,
        2.4,
        -38
      ]
    },
    {
      "Target": "Parameter",
      "Id": "ParamArmL2",
      "Segments": [
        0,
        -3,
        0,
        0.1,
        -3,
        0,
        0.35,
        -4,
        2,
        0.383,
        -4,
        0,
        0.883,
        -2,
        0,
        1.4,
        -3,
        2,
        2.4,
        -3
      ]
    },
    {
      "Target": "Parameter",
      "Id": "ParamArmL3",
      "Segments": [
        0,
        -32,
        0,
        0.15,
        -32,
        0,
        0.433,
        -40,
        0,
        0.933,
        -25,
        0,
        1.417,
        -38,
        2,
        2.4,
        -38
      ]
    },
    {
      "Target": "Parameter",
      "Id": "ParamFingerL",
      "Segments": [
        0,
        0,
        0,
        0.483,
        8,
        0,
        0.983,
        -5,
        0,
        1.517,
        0,
        2,
        2.4,
        0
      ]
    },
    {
      "Target": "Parameter",
      "Id": "ParamArmL7",
      "Segments": [
        0,
        0,
        0,
        2.4,
        0
      ]
    },
    {
      "Target": "Parameter",
      "Id": "ParamArmR7",
      "Segments": [
        0,
        5,
        0,
        2.4,
        5
      ]
    },
    {
      "Target": "Parameter",
      "Id": "ParamHandRL",
      "Segments": [
        0,
        0,
        0,
        2.4,
        0
      ]
    },
    {
      "Target": "Parameter",
      "Id": "ParamHandRM",
      "Segments": [
        0,
        0,
        0,
        2.4,
        0
      ]
    },
    {
      "Target": "Parameter",
      "Id": "ParamHandRN",
      "Segments": [
        0,
        0,
        0,
        2.4,
        0
      ]
    },
    {
      "Target": "Parameter",
      "Id": "ParamHandRO",
      "Segments": [
        0,
        0,
        0,
        2.4,
        0
      ]
    },
    {
      "Target": "Parameter",
      "Id": "ParamHandRP",
      "Segments": [
        0,
        0,
        0,
        2.4,
        0
      ]
    },
    {
      "Target": "Parameter",
      "Id": "ParamHandLL",
      "Segments": [
        0,
        0,
        0,
        2.4,
        0
      ]
    },
    {
      "Target": "Parameter",
      "Id": "ParamHandLM",
      "Segments": [
        0,
        0,
        0,
        2.4,
        0
      ]
    },
    {
      "Target": "Parameter",
      "Id": "ParamHandLN",
      "Segments": [
        0,
        0,
        0,
        2.4,
        0
      ]
    },
    {
      "Target": "Parameter",
      "Id": "ParamHandLO",
      "Segments": [
        0,
        0,
        0,
        2.4,
        0
      ]
    },
    {
      "Target": "Parameter",
      "Id": "ParamHandLP",
      "Segments": [
        0,
        0,
        0,
        2.4,
        0
      ]
    },
    {
      "Target": "Parameter",
      "Id": "ParamPositionX",
      "Segments": [
        0,
        0,
        0,
        2.4,
        0
      ]
    },
    {
      "Target": "Parameter",
      "Id": "ParamRotationZ",
      "Segments": [
        0,
        0,
        0,
        2.4,
        0
      ]
    },
    {
      "Target": "Parameter",
      "Id": "ParamEyeballX",
      "Segments": [
        0,
        0,
        0,
        2.4,
        0
      ]
    },
    {
      "Target": "Parameter",
      "Id": "ParamUpperBody",
      "Segments": [
        0,
        0,
        0,
        2.4,
        0
      ]
    },
    {
      "Target": "Parameter",
      "Id": "ParamBreath",
      "Segments": [
        0,
        0,
        0,
        2.4,
        0
      ]
    },
    {
      "Target": "Parameter",
      "Id": "ParamLegLZ",
      "Segments": [
        0,
        2,
        0,
        2.4,
        2
      ]
    },
    {
      "Target": "Parameter",
      "Id": "ParamLegRZ",
      "Segments": [
        0,
        -3,
        0,
        2.4,
        -3
      ]
    },
    {
      "Target": "Parameter",
      "Id": "ParamArmR6",
      "Segments": [
        0,
        1.1,
        0,
        2.4,
        1.1
      ]
    },
    {
      "Target": "Parameter",
      "Id": "ParamArmR9",
      "Segments": [
        0,
        0.7,
        0,
        2.4,
        0.7
      ]
    },
    {
      "Target": "Parameter",
      "Id": "ParamHandRA",
      "Segments": [
        0,
        0,
        0,
        2.4,
        0
      ]
    },
    {
      "Target": "Parameter",
      "Id": "ParamHandRB",
      "Segments": [
        0,
        0,
        0,
        2.4,
        0
      ]
    },
    {
      "Target": "Parameter",
      "Id": "ParamHandRC",
      "Segments": [
        0,
        0,
        0,
        2.4,
        0
      ]
    },
    {
      "Target": "Parameter",
      "Id": "ParamHandRD",
      "Segments": [
        0,
        0,
        0,
        2.4,
        0
      ]
    },
    {
      "Target": "Parameter",
      "Id": "ParamHandRE",
      "Segments": [
        0,
        0,
        0,
        2.4,
        0
      ]
    },
    {
      "Target": "Parameter",
      "Id": "ParamHandRF",
      "Segments": [
        0,
        1,
        0,
        2.4,
        1
      ]
    },
    {
      "Target": "Parameter",
      "Id": "ParamHandRG",
      "Segments": [
        0,
        0,
        0,
        2.4,
        0
      ]
    },
    {
      "Target": "Parameter",
      "Id": "ParamHandRH",
      "Segments": [
        0,
        0,
        0,
        2.4,
        0
      ]
    },
    {
      "Target": "Parameter",
      "Id": "ParamHandRI",
      "Segments": [
        0,
        0,
        0,
        2.4,
        0
      ]
    },
    {
      "Target": "Parameter",
      "Id": "ParamHandRJ",
      "Segments": [
        0,
        0,
        0,
        2.4,
        0
      ]
    },
    {
      "Target": "Parameter",
      "Id": "ParamHandRK",
      "Segments": [
        0,
        0,
        0,
        2.4,
        0
      ]
    },
    {
      "Target": "Parameter",
      "Id": "ParamArmL4",
      "Segments": [
        0,
        0,
        0,
        2.4,
        0
      ]
    },
    {
      "Target": "Parameter",
      "Id": "ParamArmL5",
      "Segments": [
        0,
        0,
        0,
        2.4,
        0
      ]
    },
    {
      "Target": "Parameter",
      "Id": "ParamArmL6",
      "Segments": [
        0,
        0,
        0,
        2.4,
        0
      ]
    },
    {
      "Target": "Parameter",
      "Id": "ParamArmL9",
      "Segments": [
        0,
        -0.7,
        0,
        2.4,
        -0.7
      ]
    },
    {
      "Target": "Parameter",
      "Id": "ParamHandLA",
      "Segments": [
        0,
        1,
        0,
        2.4,
        1
      ]
    },
    {
      "Target": "Parameter",
      "Id": "ParamHandLB",
      "Segments": [
        0,
        0,
        0,
        2.4,
        0
      ]
    },
    {
      "Target": "Parameter",
      "Id": "ParamHandLC",
      "Segments": [
        0,
        0,
        0,
        2.4,
        0
      ]
    },
    {
      "Target": "Parameter",
      "Id": "ParamHandLD",
      "Segments": [
        0,
        0,
        0,
        2.4,
        0
      ]
    },
    {
      "Target": "Parameter",
      "Id": "ParamHandLE",
      "Segments": [
        0,
        0,
        0,
        2.4,
        0
      ]
    },
    {
      "Target": "Parameter",
      "Id": "ParamHandLF",
      "Segments": [
        0,
        0,
        0,
        2.4,
        0
      ]
    },
    {
      "Target": "Parameter",
      "Id": "ParamHandLG",
      "Segments": [
        0,
        0,
        0,
        2.4,
        0
      ]
    },
    {
      "Target": "Parameter",
      "Id": "ParamHandLH",
      "Segments": [
        0,
        0,
        0,
        2.4,
        0
      ]
    },
    {
      "Target": "Parameter",
      "Id": "ParamHandLI",
      "Segments": [
        0,
        0,
        0,
        2.4,
        0
      ]
    },
    {
      "Target": "Parameter",
      "Id": "ParamHandLJ",
      "Segments": [
        0,
        0,
        0,
        2.4,
        0
      ]
    },
    {
      "Target": "Parameter",
      "Id": "ParamHandLK",
      "Segments": [
        0,
        0,
        0,
        2.4,
        0
      ]
    }
  ],
  "UserData": [
    {
      "Time": 0.25,
      "Value": "eyeblink,0.2,0,0.27"
    }
  ]
}