{
  "Version": 3,
  "Meta": {
    "Duration": 2.783,
    "Fps": 60.0,
    "Loop": true,
    "AreBeziersRestricted": true,
    "CurveCount": 71,
    "UserDataCount": 2,
    "TotalSegmentCount": 249,
    "TotalPointCount": 273,
    "TotalUserDataSize": 40
  },
  "Curves": [
    {
      "Target": "Parameter",
      "Id": "ParamArmL8",
      "Segments": [
        0,
        40,
        0,
        0.45,
        33,
        0,
        0.867,
        40,
        2,
        2.783,
        40
      ]
    },
    {
      "Target": "Parameter",
      "Id": "ParamArmR8",
      "Segments": [
        0,
        40,
        0,
        0.45,
        33,
        0,
        0.867,
        40,
        2,
        2.783,
        40
      ]
    },
    {
      "Target": "Parameter",
      "Id": "ParamPositionY",
      "Segments": [
        0,
        0,
        0,
        0.167,
        -1,
        0,
        0.45,
        2,
        0,
        0.85,
        -1,
        0,
        1.267,
        1,
        0,
        1.617,
        -1,
        0,
        2.117,
        0,
        2,
        2.783,
        0
      ]
    },
    {
      "Target": "Parameter",
      "Id": "ParamAngleX",
      "Segments": [
        0,
        0,
        0,
        0.05,
        0,
        0,
        0.217,
        -3,
        0,
        0.5,
        5,
        2,
        0.583,
        5,
        0,
        0.9,
        -6,
        1,
        1.039,
        -6,
        1.178,
        -4.313,
        1.317,
        0,
        1,
        1.434,
        3.623,
        1.55,
        6.0,
        1.667,
        6,
        0,
        2.15,
        4,
        2,
        2.783,
        4
      ]
    },
    {
      "Target": "Parameter",
      "Id": "ParamAngleY",
      "Segments": [
        0,
        0,
        0,
        0.05,
        0,
        0,
        0.217,
        -11,
        0,
        0.5,
        5,
        0,
        0.9,
        -8,
        0,
        1.317,
        10,
        0,
        1.667,
        -6,
        0,
        2.167,
        0,
        2,
        2.783,
        0
      ]
    },
    {
      "Target": "Parameter",
      "Id": "ParamAngleZ",
      "Segments": [
        0,
        -8,
        0,
        0.05,
        -8,
        0,
        0.5,
        7,
        0,
        0.9,
        -16,
        1,
        1.039,
        -16,
        1.178,
        -13.823,
        1.317,
        -5,
        1,
        1.434,
        2.411,
        1.55,
        10.0,
        1.667,
        10,
        0,
        2.167,
        8,
        2,
        2.783,
        8
      ]
    },
    {
      "Target": "Parameter",
      "Id": "ParamEyeROpen",
      "Segments": [
        0,
        1,
        0,
        0.067,
        1,
        0,
        0.3,
        0,
        0,
        0.567,
        1,
        2,
        1.433,
        1,
        0,
        1.667,
        0,
        0,
        1.933,
        1,
        2,
        2.783,
        1
      ]
    },
    {
      "Target": "Parameter",
      "Id": "ParamEyeLOpen",
      "Segments": [
        0,
        1,
        0,
        0.067,
        1,
        0,
        0.3,
        0,
        0,
        0.567,
        1,
        2,
        1.433,
        1,
        0,
        1.667,
        0,
        0,
        1.933,
        1,
        2,
        2.783,
        1
      ]
    },
    {
      "Target": "Parameter",
      "Id": "ParamEyeballX",
      "Segments": [
        0,
        0,
        0,
        0.5,
        -0.1,
        0,
        0.9,
        0.2,
        1,
        1.039,
        0.2,
        1.178,
        0.102,
        1.317,
        0,
        1,
        1.434,
        -0.085,
        1.55,
        -0.1,
        1.667,
        -0.1,
        0,
        2.15,
        0,
        2,
        2.783,
        0
      ]
    },
    {
      "Target": "Parameter",
      "Id": "ParamBodyAngleX",
      "Segments": [
        0,
        0,
        0,
        0.167,
        3,
        1,
        0.261,
        3,
        0.356,
        2.872,
        0.45,
        0,
        1,
        0.583,
        -4.055,
        0.717,
        -9.0,
        0.85,
        -9,
        1,
        0.989,
        -9,
        1.128,
        -6.467,
        1.267,
        0,
        1,
        1.384,
        5.433,
        1.5,
        9.0,
        1.617,
        9,
        0,
        2.117,
        6,
        2,
        2.783,
        6
      ]
    },
    {
      "Target": "Parameter",
      "Id": "ParamBodyAngleY",
      "Segments": [
        0,
        0,
        0,
        0.167,
        -3,
        0,
        0.45,
        4,
        0,
        0.85,
        -3,
        0,
        1.267,
        1,
        0,
        1.617,
        -2,
        0,
        2.117,
        0,
        2,
        2.783,
        0
      ]
    },
    {
      "Target": "Parameter",
      "Id": "ParamUpperBodyZ",
      "Segments": [
        0,
        -5,
        0,
        0.167,
        -5,
        2,
        0.45,
        -5,
        0,
        0.85,
        -6,
        1,
        0.989,
        -6,
        1.128,
        -5.906,
        1.267,
        -5,
        1,
        1.384,
        -4.239,
        1.5,
        -3.0,
        1.617,
        -3,
        0,
        2.117,
        -5,
        2,
        2.783,
        -5
      ]
    },
    {
      "Target": "Parameter",
      "Id": "ParamShoulderR",
      "Segments": [
        0,
        4,
        0,
        0.167,
        3,
        0,
        0.45,
        7,
        0,
        0.85,
        1,
        0,
        1.267,
        6,
        0,
        1.617,
        3,
        0,
        2.117,
        4,
        2,
        2.783,
        4
      ]
    },
    {
      "Target": "Parameter",
      "Id": "ParamArmR1",
      "Segments": [
        0,
        3,
        0,
        0.167,
        3,
        0,
        0.45,
        13,
        0,
        0.85,
        3,
        2,
        2.783,
        3
      ]
    },
    {
      "Target": "Parameter",
      "Id": "ParamArmR2",
      "Segments": [
        0,
        18,
        0,
        0.05,
        18,
        2,
        0.217,
        18,
        0,
        0.5,
        16,
        0,
        0.9,
        18,
        2,
        2.783,
        18
      ]
    },
    {
      "Target": "Parameter",
      "Id": "ParamArmR3",
      "Segments": [
        0,
        40,
        0,
        0.067,
        40,
        2,
        0.233,
        40,
        0,
        0.517,
        23,
        0,
        0.917,
        40,
        2,
        2.783,
        40
      ]
    },
    {
      "Target": "Parameter",
      "Id": "ParamFingerR",
      "Segments": [
        0,
        0,
        0,
        0.55,
        7,
        0,
        0.983,
        -3,
        0,
        1.7,
        0,
        2,
        2.783,
        0
      ]
    },
    {
      "Target": "Parameter",
      "Id": "ParamShoulderL",
      "Segments": [
        0,
        0,
        0,
        0.167,
        -1,
        0,
        0.45,
        3,
        0,
        0.85,
        -2,
        0,
        1.267,
        4,
        0,
        1.617,
        -1,
        0,
        2.117,
        0,
        2,
        2.783,
        0
      ]
    },
    {
      "Target": "Parameter",
      "Id": "ParamArmL1",
      "Segments": [
        0,
        -3,
        0,
        0.167,
        -6,
        0,
        0.45,
        6,
        0,
        0.85,
        -6,
        0,
        1.817,
        -4,
        2,
        2.783,
        -4
      ]
    },
    {
      "Target": "Parameter",
      "Id": "ParamArmL2",
      "Segments": [
        0,
        16,
        0,
        0.05,
        16,
        2,
        0.217,
        16,
        0,
        0.5,
        14,
        0,
        0.9,
        16,
        2,
        2.783,
        16
      ]
    },
    {
      "Target": "Parameter",
      "Id": "ParamArmL3",
      "Segments": [
        0,
        40,
        0,
        0.067,
        40,
        2,
        0.233,
        40,
        0,
        0.517,
        21,
        0,
        0.917,
        40,
        2,
        2.783,
        40
      ]
    },
    {
      "Target": "Parameter",
      "Id": "ParamFingerL",
      "Segments": [
        0,
        0,
        0,
        0.55,
        9,
        0,
        0.983,
        -4,
        0,
        1.7,
        0,
        2,
        2.783,
        0
      ]
    },
    {
      "Target": "Parameter",
      "Id": "ParamArmL7",
      "Segments": [
        0,
        5,
        0,
        2.783,
        5
      ]
    },
    {
      "Target": "Parameter",
      "Id": "ParamArmR7",
      "Segments": [
        0,
        5,
        0,
        2.783,
        5
      ]
    },
    {
      "Target": "Parameter",
      "Id": "ParamHandRL",
      "Segments": [
        0,
        0,
        0,
        2.783,
        0
      ]
    },
    {
      "Target": "Parameter",
      "Id": "ParamHandRM",
      "Segments": [
        0,
        0,
        0,
        2.783,
        0
      ]
    },
    {
      "Target": "Parameter",
      "Id": "ParamHandRN",
      "Segments": [
        0,
        0,
        0,
        2.783,
        0
      ]
    },
    {
      "Target": "Parameter",
      "Id": "ParamHandRO",
      "Segments": [
        0,
        0,
        0,
        2.783,
        0
      ]
    },
    {
      "Target": "Parameter",
      "Id": "ParamHandRP",
      "Segments": [
        0,
        0,
        0,
        2.783,
        0
      ]
    },
    {
      "Target": "Parameter",
      "Id": "ParamHandLL",
      "Segments": [
        0,
        0,
        0,
        2.783,
        0
      ]
    },
    {
      "Target": "Parameter",
      "Id": "ParamHandLM",
      "Segments": [
        0,
        0,
        0,
        2.783,
        0
      ]
    },
    {
      "Target": "Parameter",
      "Id": "ParamHandLN",
      "Segments": [
        0,
        0,
        0,
        2.783,
        0
      ]
    },
    {
      "Target": "Parameter",
      "Id": "ParamHandLO",
      "Segments": [
        0,
        0,
        0,
        2.783,
        0
      ]
    },
    {
      "Target": "Parameter",
      "Id": "ParamHandLP",
      "Segments": [
        0,
        0,
        0,
        2.783,
        0
      ]
    },
    {
      "Target": "Parameter",
      "Id": "ParamPositionX",
      "Segments": [
        0,
        -1,
        0,
        2.783,
        -1
      ]
    },
    {
      "Target": "Parameter",
      "Id": "ParamRotationZ",
      "Segments": [
        0,
        0,
        0,
        2.783,
        0
      ]
    },
    {
      "Target": "Parameter",
      "Id": "ParamBodyAngleZ",
      "Segments": [
        0,
        4,
        0,
        2.783,
        4
      ]
    },
    {
      "Target": "Parameter",
      "Id": "ParamUpperBody",
      "Segments": [
        0,
        0,
        0,
        2.783,
        0
      ]
    },
    {
      "Target": "Parameter",
      "Id": "ParamBreath",
      "Segments": [
        0,
        0,
        0,
        2.783,
        0
      ]
    },
    {
      "Target": "Parameter",
      "Id": "ParamLegLZ",
      "Segments": [
        0,
        7,
        0,
        2.783,
        7
      ]
    },
    {
      "Target": "Parameter",
      "Id": "ParamLegRZ",
      "Segments": [
        0,
        -1,
        0,
        2.783,
        -1
      ]
    },
    {
      "Target": "Parameter",
      "Id": "ParamArmR4",
      "Segments": [
        0,
        0,
        0,
        2.783,
        0
      ]
    },
    {
      "Target": "Parameter",
      "Id": "ParamArmR5",
      "Segments": [
        0,
        9,
        0,
        2.783,
        9
      ]
    },
    {
      "Target": "Parameter",
      "Id": "ParamArmR6",
      "Segments": [
        0,
        1,
        0,
        2.783,
        1
      ]
    },
    {
      "Target": "Parameter",
      "Id": "ParamArmR9",
      "Segments": [
        0,
        0.6,
        0,
        2.783,
        0.6
      ]
    },
    {
      "Target": "Parameter",
      "Id": "ParamHandRA",
      "Segments": [
        0,
        0,
        0,
        2.783,
        0
      ]
    },
    {
      "Target": "Parameter",
      "Id": "ParamHandRB",
      "Segments": [
        0,
        0,
        0,
        2.783,
        0
      ]
    },
    {
      "Target": "Parameter",
      "Id": "ParamHandRC",
      "Segments": [
        0,
        0,
        0,
        2.783,
        0
      ]
    },
    {
      "Target": "Parameter",
      "Id": "ParamHandRD",
      "Segments": [
        0,
        0,
        0,
        2.783,
        0
      ]
    },
    {
      "Target": "Parameter",
      "Id": "ParamHandRE",
      "Segments": [
        0,
        0,
        0,
        2.783,
        0
      ]
    },
    {
      "Target": "Parameter",
      "Id": "ParamHandRF",
      "Segments": [
        0,
        0,
        0,
        2.783,
        0
      ]
    },
    {
      "Target": "Parameter",
      "Id": "ParamHandRG",
      "Segments": [
        0,
        0,
        0,
        2.783,
        0
      ]
    },
    {
      "Target": "Parameter",
      "Id": "ParamHandRH",
      "Segments": [
        0,
        0,
        0,
        2.783,
        0
      ]
    },
    {
      "Target": "Parameter",
      "Id": "ParamHandRI",
      "Segments": [
        0,
        0,
        0,
        2.783,
        0
      ]
    },
    {
      "Target": "Parameter",
      "Id": "ParamHandRJ",
      "Segments": [
        0,
        1,
        0,
        2.783,
        1
      ]
    },
    {
      "Target": "Parameter",
      "Id": "ParamHandRK",
      "Segments": [
        0,
        0,
        0,
        2.783,
        0
      ]
    },
    {
      "Target": "Parameter",
      "Id": "ParamArmL4",
      "Segments": [
        0,
        0,
        0,
        2.783,
        0
      ]
    },
    {
      "Target": "Parameter",
      "Id": "ParamArmL5",
      "Segments": [
        0,
        9,
        0,
        2.783,
        9
      ]
    },
    {
      "Target": "Parameter",
      "Id": "ParamArmL6",
      "Segments": [
        0,
        1,
        0,
        2.783,
        1
      ]
    },
    {
      "Target": "Parameter",
      "Id": "ParamArmL9",
      "Segments": [
        0,
        0.6,
        0,
        2.783,
        0.6
      ]
    },
    {
      "Target": "Parameter",
      "Id": "ParamHandLA",
      "Segments": [
        0,
        0,
        0,
        2.783,
        0
      ]
    },
    {
      "Target": "Parameter",
      "Id": "ParamHandLB",
      "Segments": [
        0,
        0,
        0,
        2.783,
        0
      ]
    },
    {
      "Target": "Parameter",
      "Id": "ParamHandLC",
      "Segments": [
        0,
        0,
        0,
        2.783,
        0
      ]
    },
    {
      "Target": "Parameter",
      "Id": "ParamHandLD",
      "Segments": [
        0,
        0,
        0,
        2.783,
        0
      ]
    },
    {
      "Target": "Parameter",
      "Id": "ParamHandLE",
      "Segments": [
        0,
        0,
        0,
        2.783,
        0
      ]
    },
    {
      "Target": "Parameter",
      "Id": "ParamHandLF",
      "Segments": [
        0,
        0,
        0,
        2.783,
        0
      ]
    },
    {
      "Target": "Parameter",
      "Id": "ParamHandLG",
      "Segments": [
        0,
        0,
        0,
        2.783,
        0
      ]
    },
    {
      "Target": "Parameter",
      "Id": "ParamHandLH",
      "Segments": [
        0,
        0,
        0,
        2.783,
        0
      ]
    },
    {
      "Target": "Parameter",
      "Id": "ParamHandLI",
      "Segments": [
        0,
        0,
        0,
        2.783,
        0
      ]
    },
    {
      "Target": "Parameter",
      "Id": "ParamHandLJ",
      "Segments": [
        0,
        1,
        0,
        2.783,
        1
      ]
    },
    {
      "Target": "Parameter",
      "Id": "ParamHandLK",
      "Segments": [
        0,
        0,
        0,
        2.783,
        0
      ]
    }
  ],
  "UserData": [
    {
      "Time": 0.067,
      "Value": "eyeblink,0.24,0,0.27"
    },
    {
      "Time": 1.433,
      "Value": "eyeblink,0.24,0,0.27"
    }
  ]
}