{
  "Version": 3,
  "Meta": {
    "Duration": 2.75,
    "Fps": 60.0,
    "Loop": true,
    "AreBeziersRestricted": true,
    "CurveCount": 71,
    "UserDataCount": 1,
    "TotalSegmentCount": 256,
    "TotalPointCount": 270,
    "TotalUserDataSize": 23
  },
  "Curves": [
    {
      "Target": "Parameter",
      "Id": "ParamArmL8",
      "Segments": [
        0,
        23,
        1,
        0.122,
        12.667,
        0.245,
        -8,
        0.367,
        -8,
        0,
        0.917,
        12,
        0,
        1.283,
        -28,
        0,
        1.733,
        11,
        0,
        2.217,
        -27,
        2,
        2.75,
        -27
      ]
    },
    {
      "Target": "Parameter",
      "Id": "ParamArmR8",
      "Segments": [
        0,
        17,
        0,
        0.367,
        -7,
        0,
        0.917,
        10,
        0,
        1.283,
        -29,
        0,
        1.733,
        15,
        0,
        2.217,
        -15,
        2,
        2.75,
        -15
      ]
    },
    {
      "Target": "Parameter",
      "Id": "ParamArmL7",
      "Segments": [
        0,
        5,
        1,
        0.2,
        6.667,
        0.4,
        10,
        0.6,
        10,
        2,
        2.75,
        10
      ]
    },
    {
      "Target": "Parameter",
      "Id": "ParamArmR7",
      "Segments": [
        0,
        5,
        0,
        0.6,
        10,
        2,
        2.75,
        10
      ]
    },
    {
      "Target": "Parameter",
      "Id": "ParamPositionX",
      "Segments": [
        0,
        0,
        0,
        0.367,
        -1,
        0,
        0.833,
        1,
        2,
        2.75,
        1
      ]
    },
    {
      "Target": "Parameter",
      "Id": "ParamPositionY",
      "Segments": [
        0,
        0,
        0,
        0.35,
        -1,
        0,
        0.767,
        4,
        0,
        1.083,
        1,
        2,
        2.75,
        1
      ]
    },
    {
      "Target": "Parameter",
      "Id": "ParamRotationZ",
      "Segments": [
        0,
        0,
        0,
        0.417,
        2,
        2,
        0.9,
        2,
        2,
        1.717,
        2,
        0,
        2.167,
        1,
        2,
        2.75,
        1
      ]
    },
    {
      "Target": "Parameter",
      "Id": "ParamAngleX",
      "Segments": [
        0,
        0,
        0,
        0.45,
        8,
        0,
        0.983,
        -6,
        0,
        1.467,
        -2,
        2,
        2.75,
        -2
      ]
    },
    {
      "Target": "Parameter",
      "Id": "ParamAngleY",
      "Segments": [
        0,
        0,
        0,
        0.433,
        -19,
        0,
        0.983,
        14,
        2,
        2.75,
        14
      ]
    },
    {
      "Target": "Parameter",
      "Id": "ParamAngleZ",
      "Segments": [
        0,
        2,
        0,
        0.567,
        -4,
        0,
        1.15,
        12,
        0,
        1.583,
        -3,
        0,
        2.117,
        14,
        2,
        2.75,
        14
      ]
    },
    {
      "Target": "Parameter",
      "Id": "ParamEyeROpen",
      "Segments": [
        0,
        1,
        0,
        0.667,
        1,
        0,
        0.867,
        0,
        0,
        1.067,
        1,
        2,
        2.75,
        1
      ]
    },
    {
      "Target": "Parameter",
      "Id": "ParamEyeLOpen",
      "Segments": [
        0,
        1,
        0,
        0.667,
        1,
        0,
        0.867,
        0,
        0,
        1.067,
        1,
        2,
        2.75,
        1
      ]
    },
    {
      "Target": "Parameter",
      "Id": "ParamBodyAngleX",
      "Segments": [
        0,
        -2,
        0,
        0.383,
        -2,
        0,
        0.917,
        10,
        0,
        1.517,
        -6,
        0,
        1.95,
        7,
        2,
        2.75,
        7
      ]
    },
    {
      "Target": "Parameter",
      "Id": "ParamBodyAngleY",
      "Segments": [
        0,
        0,
        0,
        0.417,
        -5,
        0,
        0.917,
        6,
        0,
        1.517,
        4,
        2,
        2.75,
        4
      ]
    },
    {
      "Target": "Parameter",
      "Id": "ParamBodyAngleZ",
      "Segments": [
        0,
        2,
        0,
        0.6,
        -2,
        0,
        1.117,
        2,
        0,
        1.583,
        -1,
        0,
        1.983,
        1,
        2,
        2.75,
        1
      ]
    },
    {
      "Target": "Parameter",
      "Id": "ParamUpperBodyZ",
      "Segments": [
        0,
        -2,
        0,
        0.6,
        -1,
        1,
        0.783,
        -0.175,
        0.967,
        1.0,
        1.15,
        1,
        1,
        1.311,
        1,
        1.472,
        0.723,
        1.633,
        0,
        1,
        1.766,
        -0.598,
        1.9,
        -1.0,
        2.033,
        -1,
        2,
        2.75,
        -1
      ]
    },
    {
      "Target": "Parameter",
      "Id": "ParamUpperBody",
      "Segments": [
        0,
        0,
        0,
        0.417,
        -3,
        0,
        1.183,
        0,
        2,
        2.75,
        0
      ]
    },
    {
      "Target": "Parameter",
      "Id": "ParamLegLZ",
      "Segments": [
        0,
        4,
        0,
        0.517,
        4,
        0,
        1.017,
        10,
        0,
        1.633,
        6,
        2,
        2.75,
        6
      ]
    },
    {
      "Target": "Parameter",
      "Id": "ParamLegRZ",
      "Segments": [
        0,
        0,
        0,
        0.517,
        -3,
        0,
        1.017,
        4,
        0,
        1.633,
        2,
        2,
        2.75,
        2
      ]
    },
    {
      "Target": "Parameter",
      "Id": "ParamShoulderR",
      "Segments": [
        0,
        0,
        0,
        0.733,
        6,
        1,
        0.983,
        9.219,
        1.233,
        10.0,
        1.483,
        10,
        0,
        2.05,
        9,
        2,
        2.75,
        9
      ]
    },
    {
      "Target": "Parameter",
      "Id": "ParamArmR1",
      "Segments": [
        0,
        -32,
        0,
        0.267,
        -35,
        0,
        0.6,
        60,
        0,
        1.117,
        56,
        0,
        1.517,
        60,
        0,
        2.067,
        54,
        2,
        2.75,
        54
      ]
    },
    {
      "Target": "Parameter",
      "Id": "ParamArmR2",
      "Segments": [
        0,
        44,
        0,
        0.333,
        35,
        0,
        0.867,
        90,
        0,
        1.25,
        73,
        0,
        1.7,
        90,
        0,
        2.117,
        76,
        2,
        2.75,
        76
      ]
    },
    {
      "Target": "Parameter",
      "Id": "ParamArmR3",
      "Segments": [
        0,
        18,
        0,
        0.383,
        -9,
        0,
        0.95,
        15,
        0,
        1.35,
        -27,
        0,
        1.75,
        20,
        0,
        2.183,
        -1,
        2,
        2.75,
        -1
      ]
    },
    {
      "Target": "Parameter",
      "Id": "ParamArmR4",
      "Segments": [
        0,
        9,
        0,
        0.5,
        40,
        2,
        2.75,
        40
      ]
    },
    {
      "Target": "Parameter",
      "Id": "ParamArmR5",
      "Segments": [
        0,
        9,
        0,
        0.5,
        0,
        0,
        0.917,
        6,
        2,
        2.75,
        6
      ]
    },
    {
      "Target": "Parameter",
      "Id": "ParamHandRC",
      "Segments": [
        0,
        1,
        0,
        0.483,
        1,
        0,
        0.5,
        0,
        2,
        2.75,
        0
      ]
    },
    {
      "Target": "Parameter",
      "Id": "ParamHandRI",
      "Segments": [
        0,
        0,
        0,
        0.483,
        0,
        0,
        0.5,
        1,
        2,
        2.75,
        1
      ]
    },
    {
      "Target": "Parameter",
      "Id": "ParamFingerR",
      "Segments": [
        0,
        0,
        0,
        0.667,
        10,
        0,
        1.217,
        0,
        0,
        1.733,
        6,
        0,
        2.233,
        0,
        2,
        2.75,
        0
      ]
    },
    {
      "Target": "Parameter",
      "Id": "ParamShoulderL",
      "Segments": [
        0,
        2,
        0,
        0.717,
        10,
        2,
        1.483,
        10,
        0,
        2.05,
        8,
        2,
        2.75,
        8
      ]
    },
    {
      "Target": "Parameter",
      "Id": "ParamArmL1",
      "Segments": [
        0,
        -38,
        0,
        0.267,
        -41,
        1,
        0.378,
        -41,
        0.489,
        55.0,
        0.6,
        55,
        2,
        2.75,
        55
      ]
    },
    {
      "Target": "Parameter",
      "Id": "ParamArmL2",
      "Segments": [
        0,
        45,
        0,
        0.333,
        35,
        0,
        0.867,
        90,
        0,
        1.25,
        68,
        0,
        1.7,
        90,
        0,
        2.117,
        80,
        2,
        2.75,
        80
      ]
    },
    {
      "Target": "Parameter",
      "Id": "ParamArmL3",
      "Segments": [
        0,
        22,
        0,
        0.383,
        -2,
        0,
        0.95,
        17,
        0,
        1.35,
        -13,
        0,
        1.783,
        22,
        0,
        2.2,
        -14,
        2,
        2.75,
        -14
      ]
    },
    {
      "Target": "Parameter",
      "Id": "ParamArmL4",
      "Segments": [
        0,
        0,
        0,
        0.517,
        40,
        2,
        2.75,
        40
      ]
    },
    {
      "Target": "Parameter",
      "Id": "ParamArmL5",
      "Segments": [
        0,
        9.9,
        0,
        0.517,
        2,
        0,
        0.917,
        6,
        2,
        2.75,
        6
      ]
    },
    {
      "Target": "Parameter",
      "Id": "ParamHandLC",
      "Segments": [
        0,
        1,
        0,
        0.483,
        1,
        0,
        0.5,
        0,
        2,
        2.75,
        0
      ]
    },
    {
      "Target": "Parameter",
      "Id": "ParamHandLI",
      "Segments": [
        0,
        0,
        0,
        0.483,
        0,
        0,
        0.5,
        1,
        2,
        2.75,
        1
      ]
    },
    {
      "Target": "Parameter",
      "Id": "ParamFingerL",
      "Segments": [
        0,
        0,
        0,
        0.667,
        10,
        0,
        1.217,
        0,
        0,
        1.733,
        7,
        0,
        2.25,
        0,
        2,
        2.75,
        0
      ]
    },
    {
      "Target": "Parameter",
      "Id": "ParamHandRL",
      "Segments": [
        0,
        0,
        0,
        2.75,
        0
      ]
    },
    {
      "Target": "Parameter",
      "Id": "ParamHandRM",
      "Segments": [
        0,
        0,
        0,
        2.75,
        0
      ]
    },
    {
      "Target": "Parameter",
      "Id": "ParamHandRN",
      "Segments": [
        0,
        0,
        0,
        2.75,
        0
      ]
    },
    {
      "Target": "Parameter",
      "Id": "ParamHandRO",
      "Segments": [
        0,
        0,
        0,
        2.75,
        0
      ]
    },
    {
      "Target": "Parameter",
      "Id": "ParamHandRP",
      "Segments": [
        0,
        0,
        0,
        2.75,
        0
      ]
    },
    {
      "Target": "Parameter",
      "Id": "ParamHandLL",
      "Segments": [
        0,
        0,
        0,
        2.75,
        0
      ]
    },
    {
      "Target": "Parameter",
      "Id": "ParamHandLM",
      "Segments": [
        0,
        0,
        0,
        2.75,
        0
      ]
    },
    {
      "Target": "Parameter",
      "Id": "ParamHandLN",
      "Segments": [
        0,
        0,
        0,
        2.75,
        0
      ]
    },
    {
      "Target": "Parameter",
      "Id": "ParamHandLO",
      "Segments": [
        0,
        0,
        0,
        2.75,
        0
      ]
    },
    {
      "Target": "Parameter",
      "Id": "ParamHandLP",
      "Segments": [
        0,
        0,
        0,
        2.75,
        0
      ]
    },
    {
      "Target": "Parameter",
      "Id": "ParamEyeballX",
      "Segments": [
        0,
        0,
        0,
        2.75,
        0
      ]
    },
    {
      "Target": "Parameter",
      "Id": "ParamBreath",
      "Segments": [
        0,
        0,
        0,
        2.75,
        0
      ]
    },
    {
      "Target": "Parameter",
      "Id": "ParamArmR6",
      "Segments": [
        0,
        1.1,
        0,
        2.75,
        1.1
      ]
    },
    {
      "Target": "Parameter",
      "Id": "ParamArmR9",
      "Segments": [
        0,
        0.7,
        0,
        2.75,
        0.7
      ]
    },
    {
      "Target": "Parameter",
      "Id": "ParamHandRA",
      "Segments": [
        0,
        0,
        0,
        2.75,
        0
      ]
    },
    {
      "Target": "Parameter",
      "Id": "ParamHandRB",
      "Segments": [
        0,
        0,
        0,
        2.75,
        0
      ]
    },
    {
      "Target": "Parameter",
      "Id": "ParamHandRD",
      "Segments": [
        0,
        0,
        0,
        2.75,
        0
      ]
    },
    {
      "Target": "Parameter",
      "Id": "ParamHandRE",
      "Segments": [
        0,
        0,
        0,
        2.75,
        0
      ]
    },
    {
      "Target": "Parameter",
      "Id": "ParamHandRF",
      "Segments": [
        0,
        0,
        0,
        2.75,
        0
      ]
    },
    {
      "Target": "Parameter",
      "Id": "ParamHandRG",
      "Segments": [
        0,
        0,
        0,
        2.75,
        0
      ]
    },
    {
      "Target": "Parameter",
      "Id": "ParamHandRH",
      "Segments": [
        0,
        0,
        0,
        2.75,
        0
      ]
    },
    {
      "Target": "Parameter",
      "Id": "ParamHandRJ",
      "Segments": [
        0,
        0,
        0,
        2.75,
        0
      ]
    },
    {
      "Target": "Parameter",
      "Id": "ParamHandRK",
      "Segments": [
        0,
        0,
        0,
        2.75,
        0
      ]
    },
    {
      "Target": "Parameter",
      "Id": "ParamArmL6",
      "Segments": [
        0,
        1,
        0,
        2.75,
        1
      ]
    },
    {
      "Target": "Parameter",
      "Id": "ParamArmL9",
      "Segments": [
        0,
        0.7,
        0,
        2.75,
        0.7
      ]
    },
    {
      "Target": "Parameter",
      "Id": "ParamHandLA",
      "Segments": [
        0,
        0,
        0,
        2.75,
        0
      ]
    },
    {
      "Target": "Parameter",
      "Id": "ParamHandLB",
      "Segments": [
        0,
        0,
        0,
        2.75,
        0
      ]
    },
    {
      "Target": "Parameter",
      "Id": "ParamHandLD",
      "Segments": [
        0,
        0,
        0,
        2.75,
        0
      ]
    },
    {
      "Target": "Parameter",
      "Id": "ParamHandLE",
      "Segments": [
        0,
        0,
        0,
        2.75,
        0
      ]
    },
    {
      "Target": "Parameter",
      "Id": "ParamHandLF",
      "Segments": [
        0,
        0,
        0,
        2.75,
        0
      ]
    },
    {
      "Target": "Parameter",
      "Id": "ParamHandLG",
      "Segments": [
        0,
        0,
        0,
        2.75,
        0
      ]
    },
    {
      "Target": "Parameter",
      "Id": "ParamHandLH",
      "Segments": [
        0,
        0,
        0,
        2.75,
        0
      ]
    },
    {
      "Target": "Parameter",
      "Id": "ParamHandLJ",
      "Segments": [
        0,
        0,
        0,
        2.75,
        0
      ]
    },
    {
      "Target": "Parameter",
      "Id": "ParamHandLK",
      "Segments": [
        0,
        0,
        0,
        2.75,
        0
      ]
    }
  ],
  "UserData": [
    {
      "Time": 0.517,
      "Value": "eyeblink,0.20,0.27,0.20"
    }
  ]
}