{
  "Version": 3,
  "Meta": {
    "Duration": 2.6,
    "Fps": 60.0,
    "Loop": true,
    "AreBeziersRestricted": true,
    "CurveCount": 71,
    "UserDataCount": 1,
    "TotalSegmentCount": 242,
    "TotalPointCount": 258,
    "TotalUserDataSize": 23
  },
  "Curves": [
    {
      "Target": "Parameter",
      "Id": "ParamArmL8",
      "Segments": [
        0,
        17,
        0,
        0.4,
        -12,
        0,
        0.883,
        22,
        0,
        1.317,
        -35,
        0,
        1.717,
        14,
        0,
        2.283,
        -20,
        2,
        2.6,
        -20
      ]
    },
    {
      "Target": "Parameter",
      "Id": "ParamArmR8",
      "Segments": [
        0,
        17,
        1,
        0.133,
        12.0,
        0.267,
        2,
        0.4,
        2,
        0,
        1.033,
        27,
        0,
        1.717,
        18,
        2,
        2.6,
        18
      ]
    },
    {
      "Target": "Parameter",
      "Id": "ParamArmL7",
      "Segments": [
        0,
        5,
        0,
        0.383,
        5,
        1,
        0.439,
        5.639,
        0.494,
        10.0,
        0.55,
        10,
        2,
        2.6,
        10
      ]
    },
    {
      "Target": "Parameter",
      "Id": "ParamPositionX",
      "Segments": [
        0,
        0,
        0,
        0.367,
        1,
        2,
        0.833,
        1,
        2,
        2.6,
        1
      ]
    },
    {
      "Target": "Parameter",
      "Id": "ParamPositionY",
      "Segments": [
        0,
        0,
        0,
        0.35,
        -1,
        0,
        0.767,
        4,
        0,
        1.083,
        1,
        2,
        2.6,
        1
      ]
    },
    {
      "Target": "Parameter",
      "Id": "ParamRotationZ",
      "Segments": [
        0,
        0,
        0,
        0.417,
        -2,
        2,
        2.6,
        -2
      ]
    },
    {
      "Target": "Parameter",
      "Id": "ParamAngleX",
      "Segments": [
        0,
        0,
        0,
        0.45,
        -8,
        0,
        0.983,
        6,
        0,
        1.467,
        2,
        2,
        2.6,
        2
      ]
    },
    {
      "Target": "Parameter",
      "Id": "ParamAngleY",
      "Segments": [
        0,
        0,
        0,
        0.433,
        -19,
        0,
        0.983,
        14,
        2,
        2.6,
        14
      ]
    },
    {
      "Target": "Parameter",
      "Id": "ParamAngleZ",
      "Segments": [
        0,
        2,
        0,
        0.567,
        4,
        0,
        1.15,
        -12,
        0,
        1.583,
        -2,
        0,
        2.117,
        -14,
        2,
        2.6,
        -14
      ]
    },
    {
      "Target": "Parameter",
      "Id": "ParamEyeROpen",
      "Segments": [
        0,
        1,
        0,
        0.667,
        1,
        0,
        0.867,
        0,
        0,
        1.067,
        1,
        2,
        2.6,
        1
      ]
    },
    {
      "Target": "Parameter",
      "Id": "ParamEyeLOpen",
      "Segments": [
        0,
        1,
        0,
        0.667,
        1,
        0,
        0.867,
        0,
        0,
        1.067,
        1,
        2,
        2.6,
        1
      ]
    },
    {
      "Target": "Parameter",
      "Id": "ParamBodyAngleX",
      "Segments": [
        0,
        -2,
        0,
        0.383,
        7,
        0,
        0.917,
        -10,
        0,
        1.517,
        -4,
        0,
        1.95,
        -7,
        2,
        2.6,
        -7
      ]
    },
    {
      "Target": "Parameter",
      "Id": "ParamBodyAngleY",
      "Segments": [
        0,
        0,
        0,
        0.417,
        -5,
        0,
        0.917,
        6,
        0,
        1.517,
        4,
        2,
        2.6,
        4
      ]
    },
    {
      "Target": "Parameter",
      "Id": "ParamBodyAngleZ",
      "Segments": [
        0,
        2,
        0,
        0.6,
        2,
        0,
        1.117,
        -2,
        0,
        1.583,
        -1,
        0,
        1.983,
        -2,
        2,
        2.6,
        -2
      ]
    },
    {
      "Target": "Parameter",
      "Id": "ParamUpperBodyZ",
      "Segments": [
        0,
        -2,
        0,
        0.6,
        1,
        0,
        1.15,
        -1,
        1,
        1.311,
        -1,
        1.472,
        -0.723,
        1.633,
        0,
        1,
        1.766,
        0.598,
        1.9,
        1.0,
        2.033,
        1,
        2,
        2.6,
        1
      ]
    },
    {
      "Target": "Parameter",
      "Id": "ParamUpperBody",
      "Segments": [
        0,
        0,
        0,
        0.417,
        -3,
        0,
        1.183,
        0,
        2,
        2.6,
        0
      ]
    },
    {
      "Target": "Parameter",
      "Id": "ParamLegLZ",
      "Segments": [
        0,
        4,
        0,
        0.517,
        2,
        1,
        0.684,
        0.437,
        0.85,
        -1.0,
        1.017,
        -1,
        2,
        2.6,
        -1
      ]
    },
    {
      "Target": "Parameter",
      "Id": "ParamLegRZ",
      "Segments": [
        0,
        0,
        0,
        0.517,
        2,
        1,
        0.684,
        3.927,
        0.85,
        8.0,
        1.017,
        8,
        2,
        2.6,
        8
      ]
    },
    {
      "Target": "Parameter",
      "Id": "ParamShoulderR",
      "Segments": [
        0,
        0,
        0,
        0.267,
        -1,
        0,
        0.633,
        2,
        0,
        1.133,
        -2,
        2,
        2.6,
        -2
      ]
    },
    {
      "Target": "Parameter",
      "Id": "ParamArmR1",
      "Segments": [
        0,
        -32,
        0,
        0.283,
        -38,
        0,
        0.7,
        -29,
        0,
        1.267,
        -34,
        2,
        2.6,
        -34
      ]
    },
    {
      "Target": "Parameter",
      "Id": "ParamArmR2",
      "Segments": [
        0,
        44,
        0,
        0.4,
        35,
        0,
        0.883,
        43,
        0,
        1.417,
        42,
        2,
        2.6,
        42
      ]
    },
    {
      "Target": "Parameter",
      "Id": "ParamArmR3",
      "Segments": [
        0,
        18,
        0,
        0.467,
        -3,
        0,
        0.983,
        25,
        0,
        1.483,
        13,
        2,
        2.6,
        13
      ]
    },
    {
      "Target": "Parameter",
      "Id": "ParamArmR5",
      "Segments": [
        0,
        11,
        0,
        0.7,
        12,
        2,
        2.6,
        12
      ]
    },
    {
      "Target": "Parameter",
      "Id": "ParamHandRC",
      "Segments": [
        0,
        1,
        0,
        0.383,
        1,
        0,
        0.4,
        0,
        2,
        2.6,
        0
      ]
    },
    {
      "Target": "Parameter",
      "Id": "ParamHandRD",
      "Segments": [
        0,
        0,
        0,
        0.383,
        0,
        0,
        0.4,
        1,
        2,
        2.6,
        1
      ]
    },
    {
      "Target": "Parameter",
      "Id": "ParamFingerR",
      "Segments": [
        0,
        0,
        0,
        0.483,
        -6,
        0,
        1.117,
        6,
        0,
        1.683,
        0,
        2,
        2.6,
        0
      ]
    },
    {
      "Target": "Parameter",
      "Id": "ParamShoulderL",
      "Segments": [
        0,
        2,
        0,
        0.733,
        8,
        1,
        0.983,
        9.996,
        1.233,
        10.0,
        1.483,
        10,
        0,
        2.05,
        9,
        2,
        2.6,
        9
      ]
    },
    {
      "Target": "Parameter",
      "Id": "ParamArmL1",
      "Segments": [
        0,
        -38,
        0,
        0.267,
        -35,
        1,
        0.378,
        -30.259,
        0.489,
        60.0,
        0.6,
        60,
        0,
        1.117,
        56,
        0,
        1.633,
        60,
        0,
        2.067,
        53,
        2,
        2.6,
        53
      ]
    },
    {
      "Target": "Parameter",
      "Id": "ParamArmL2",
      "Segments": [
        0,
        45,
        0,
        0.333,
        35,
        0,
        0.867,
        90,
        0,
        1.25,
        69,
        0,
        1.7,
        85,
        0,
        2.117,
        75,
        2,
        2.6,
        75
      ]
    },
    {
      "Target": "Parameter",
      "Id": "ParamArmL3",
      "Segments": [
        0,
        22,
        0,
        0.383,
        -7,
        0,
        0.917,
        19,
        0,
        1.283,
        -20,
        0,
        1.733,
        17,
        0,
        2.2,
        -2,
        2,
        2.6,
        -2
      ]
    },
    {
      "Target": "Parameter",
      "Id": "ParamArmL4",
      "Segments": [
        0,
        0,
        0,
        0.733,
        32,
        2,
        2.6,
        32
      ]
    },
    {
      "Target": "Parameter",
      "Id": "ParamArmL5",
      "Segments": [
        0,
        11,
        0,
        0.733,
        4,
        2,
        2.6,
        4
      ]
    },
    {
      "Target": "Parameter",
      "Id": "ParamHandLC",
      "Segments": [
        0,
        1,
        0,
        0.483,
        1,
        0,
        0.5,
        0,
        2,
        2.6,
        0
      ]
    },
    {
      "Target": "Parameter",
      "Id": "ParamHandLI",
      "Segments": [
        0,
        0,
        0,
        0.483,
        0,
        0,
        0.5,
        1,
        2,
        2.6,
        1
      ]
    },
    {
      "Target": "Parameter",
      "Id": "ParamFingerL",
      "Segments": [
        0,
        0,
        0,
        0.667,
        10,
        0,
        1.2,
        -9,
        0,
        1.733,
        6,
        0,
        2.217,
        0,
        2,
        2.6,
        0
      ]
    },
    {
      "Target": "Parameter",
      "Id": "ParamArmR7",
      "Segments": [
        0,
        5,
        0,
        2.6,
        5
      ]
    },
    {
      "Target": "Parameter",
      "Id": "ParamHandRL",
      "Segments": [
        0,
        0,
        0,
        2.6,
        0
      ]
    },
    {
      "Target": "Parameter",
      "Id": "ParamHandRM",
      "Segments": [
        0,
        0,
        0,
        2.6,
        0
      ]
    },
    {
      "Target": "Parameter",
      "Id": "ParamHandRN",
      "Segments": [
        0,
        0,
        0,
        2.6,
        0
      ]
    },
    {
      "Target": "Parameter",
      "Id": "ParamHandRO",
      "Segments": [
        0,
        0,
        0,
        2.6,
        0
      ]
    },
    {
      "Target": "Parameter",
      "Id": "ParamHandRP",
      "Segments": [
        0,
        0,
        0,
        2.6,
        0
      ]
    },
    {
      "Target": "Parameter",
      "Id": "ParamHandLL",
      "Segments": [
        0,
        0,
        0,
        2.6,
        0
      ]
    },
    {
      "Target": "Parameter",
      "Id": "ParamHandLM",
      "Segments": [
        0,
        0,
        0,
        2.6,
        0
      ]
    },
    {
      "Target": "Parameter",
      "Id": "ParamHandLN",
      "Segments": [
        0,
        0,
        0,
        2.6,
        0
      ]
    },
    {
      "Target": "Parameter",
      "Id": "ParamHandLO",
      "Segments": [
        0,
        0,
        0,
        2.6,
        0
      ]
    },
    {
      "Target": "Parameter",
      "Id": "ParamHandLP",
      "Segments": [
        0,
        0,
        0,
        2.6,
        0
      ]
    },
    {
      "Target": "Parameter",
      "Id": "ParamEyeballX",
      "Segments": [
        0,
        0,
        0,
        2.6,
        0
      ]
    },
    {
      "Target": "Parameter",
      "Id": "ParamBreath",
      "Segments": [
        0,
        0,
        0,
        2.6,
        0
      ]
    },
    {
      "Target": "Parameter",
      "Id": "ParamArmR4",
      "Segments": [
        0,
        0,
        0,
        2.6,
        0
      ]
    },
    {
      "Target": "Parameter",
      "Id": "ParamArmR6",
      "Segments": [
        0,
        1.1,
        0,
        2.6,
        1.1
      ]
    },
    {
      "Target": "Parameter",
      "Id": "ParamArmR9",
      "Segments": [
        0,
        0.7,
        0,
        2.6,
        0.7
      ]
    },
    {
      "Target": "Parameter",
      "Id": "ParamHandRA",
      "Segments": [
        0,
        0,
        0,
        2.6,
        0
      ]
    },
    {
      "Target": "Parameter",
      "Id": "ParamHandRB",
      "Segments": [
        0,
        0,
        0,
        2.6,
        0
      ]
    },
    {
      "Target": "Parameter",
      "Id": "ParamHandRE",
      "Segments": [
        0,
        0,
        0,
        2.6,
        0
      ]
    },
    {
      "Target": "Parameter",
      "Id": "ParamHandRF",
      "Segments": [
        0,
        0,
        0,
        2.6,
        0
      ]
    },
    {
      "Target": "Parameter",
      "Id": "ParamHandRG",
      "Segments": [
        0,
        0,
        0,
        2.6,
        0
      ]
    },
    {
      "Target": "Parameter",
      "Id": "ParamHandRH",
      "Segments": [
        0,
        0,
        0,
        2.6,
        0
      ]
    },
    {
      "Target": "Parameter",
      "Id": "ParamHandRI",
      "Segments": [
        0,
        0,
        0,
        2.6,
        0
      ]
    },
    {
      "Target": "Parameter",
      "Id": "ParamHandRJ",
      "Segments": [
        0,
        0,
        0,
        2.6,
        0
      ]
    },
    {
      "Target": "Parameter",
      "Id": "ParamHandRK",
      "Segments": [
        0,
        0,
        0,
        2.6,
        0
      ]
    },
    {
      "Target": "Parameter",
      "Id": "ParamArmL6",
      "Segments": [
        0,
        1,
        0,
        2.6,
        1
      ]
    },
    {
      "Target": "Parameter",
      "Id": "ParamArmL9",
      "Segments": [
        0,
        0.7,
        0,
        2.6,
        0.7
      ]
    },
    {
      "Target": "Parameter",
      "Id": "ParamHandLA",
      "Segments": [
        0,
        0,
        0,
        2.6,
        0
      ]
    },
    {
      "Target": "Parameter",
      "Id": "ParamHandLB",
      "Segments": [
        0,
        0,
        0,
        2.6,
        0
      ]
    },
    {
      "Target": "Parameter",
      "Id": "ParamHandLD",
      "Segments": [
        0,
        0,
        0,
        2.6,
        0
      ]
    },
    {
      "Target": "Parameter",
      "Id": "ParamHandLE",
      "Segments": [
        0,
        0,
        0,
        2.6,
        0
      ]
    },
    {
      "Target": "Parameter",
      "Id": "ParamHandLF",
      "Segments": [
        0,
        0,
        0,
        2.6,
        0
      ]
    },
    {
      "Target": "Parameter",
      "Id": "ParamHandLG",
      "Segments": [
        0,
        0,
        0,
        2.6,
        0
      ]
    },
    {
      "Target": "Parameter",
      "Id": "ParamHandLH",
      "Segments": [
        0,
        0,
        0,
        2.6,
        0
      ]
    },
    {
      "Target": "Parameter",
      "Id": "ParamHandLJ",
      "Segments": [
        0,
        0,
        0,
        2.6,
        0
      ]
    },
    {
      "Target": "Parameter",
      "Id": "ParamHandLK",
      "Segments": [
        0,
        0,
        0,
        2.6,
        0
      ]
    }
  ],
  "UserData": [
    {
      "Time": 0.517,
      "Value": "eyeblink,0.20,0.27,0.20"
    }
  ]
}