{
  "Version": 3,
  "Meta": {
    "Duration": 3.05,
    "Fps": 60.0,
    "Loop": true,
    "AreBeziersRestricted": true,
    "CurveCount": 72,
    "UserDataCount": 1,
    "TotalSegmentCount": 289,
    "TotalPointCount": 359,
    "TotalUserDataSize": 23
  },
  "Curves": [
    {
      "Target": "Parameter",
      "Id": "ParamPositionY",
      "Segments": [
        0,
        0,
        0,
        0.3,
        1,
        0,
        0.667,
        0,
        0,
        1.25,
        1,
        0,
        1.917,
        -0.1,
        0,
        2.383,
        0.2,
        2,
        3.05,
        0.2
      ]
    },
    {
      "Target": "Parameter",
      "Id": "ParamAngleX",
      "Segments": [
        0,
        -3,
        0,
        0.017,
        -3,
        0,
        0.5,
        -30,
        2,
        0.583,
        -30,
        0,
        1.733,
        30,
        1,
        1.822,
        30,
        1.911,
        30.0,
        2,
        29.794,
        1,
        2.183,
        29.091,
        2.367,
        26.0,
        2.55,
        26,
        2,
        3.05,
        26
      ]
    },
    {
      "Target": "Parameter",
      "Id": "ParamAngleY",
      "Segments": [
        0,
        0,
        0,
        0.017,
        0,
        0,
        0.25,
        13,
        0,
        0.5,
        2,
        2,
        0.583,
        2,
        0,
        1.25,
        13,
        1,
        1.411,
        13,
        1.572,
        8.084,
        1.733,
        8,
        1,
        1.822,
        7.954,
        1.911,
        7.997,
        2,
        7.95,
        1,
        2.189,
        7.851,
        2.378,
        7.0,
        2.567,
        7,
        2,
        3.05,
        7
      ]
    },
    {
      "Target": "Parameter",
      "Id": "ParamAngleZ",
      "Segments": [
        0,
        0,
        0,
        0.083,
        0,
        0,
        0.567,
        -4,
        1,
        0.922,
        -4,
        1.278,
        2.82,
        1.633,
        6,
        1,
        1.755,
        7.093,
        1.878,
        6.655,
        2,
        6.655,
        0,
        2.533,
        5,
        2,
        3.05,
        5
      ]
    },
    {
      "Target": "Parameter",
      "Id": "ParamEyeROpen",
      "Segments": [
        0,
        1,
        0,
        0.117,
        0,
        2,
        0.217,
        0,
        0,
        0.417,
        1,
        2,
        0.833,
        1,
        0,
        0.95,
        0,
        2,
        1,
        0,
        0,
        1.167,
        1,
        2,
        2,
        1,
        2,
        3.05,
        1
      ]
    },
    {
      "Target": "Parameter",
      "Id": "ParamEyeLOpen",
      "Segments": [
        0,
        1,
        0,
        0.117,
        0,
        2,
        0.217,
        0,
        0,
        0.417,
        1,
        2,
        0.833,
        1,
        0,
        0.95,
        0,
        2,
        1,
        0,
        0,
        1.167,
        1,
        2,
        2,
        1,
        2,
        3.05,
        1
      ]
    },
    {
      "Target": "Parameter",
      "Id": "ParamEyeballX",
      "Segments": [
        0,
        0,
        0,
        0.533,
        -0.1,
        1,
        0.622,
        -0.146,
        0.711,
        -0.4,
        0.8,
        -0.4,
        1,
        0.878,
        -0.4,
        0.955,
        -0.018,
        1.033,
        0,
        1,
        1.228,
        0.046,
        1.422,
        0.054,
        1.617,
        0.1,
        1,
        1.7,
        0.12,
        1.784,
        0.3,
        1.867,
        0.3,
        2,
        3.05,
        0.3
      ]
    },
    {
      "Target": "Parameter",
      "Id": "ParamEyeballY",
      "Segments": [
        0,
        0,
        0,
        0.533,
        0,
        0,
        1.85,
        -0.2,
        0,
        2,
        -0.183,
        2,
        3.05,
        -0.183
      ]
    },
    {
      "Target": "Parameter",
      "Id": "ParamBodyAngleX",
      "Segments": [
        0,
        -2,
        0,
        0.667,
        -10,
        0,
        1.917,
        10,
        0,
        2.6,
        6.173,
        2,
        3.05,
        6.173
      ]
    },
    {
      "Target": "Parameter",
      "Id": "ParamBodyAngleY",
      "Segments": [
        0,
        0,
        0,
        0.3,
        1,
        0,
        0.667,
        0,
        0,
        1.25,
        1,
        0,
        1.917,
        0,
        0,
        2.35,
        0.537,
        2,
        3.05,
        0.537
      ]
    },
    {
      "Target": "Parameter",
      "Id": "ParamUpperBodyZ",
      "Segments": [
        0,
        0,
        0,
        0.083,
        0,
        2,
        0.383,
        0,
        0,
        0.75,
        -1,
        1,
        0.944,
        -1,
        1.139,
        -0.619,
        1.333,
        0,
        1,
        1.555,
        0.708,
        1.778,
        1.0,
        2,
        1,
        2,
        2.383,
        1,
        2,
        3.05,
        1
      ]
    },
    {
      "Target": "Parameter",
      "Id": "ParamUpperBody",
      "Segments": [
        0,
        0,
        0,
        0.167,
        4,
        0,
        0.667,
        -2,
        2,
        0.95,
        -2,
        0,
        1.333,
        1,
        0,
        1.667,
        -2,
        2,
        1.967,
        -2,
        2,
        2.283,
        -2,
        0,
        2.6,
        -1.353,
        2,
        3.05,
        -1.353
      ]
    },
    {
      "Target": "Parameter",
      "Id": "ParamBreath",
      "Segments": [
        0,
        0,
        0,
        2.283,
        0,
        0,
        2.683,
        0.5,
        2,
        3.05,
        0.5
      ]
    },
    {
      "Target": "Parameter",
      "Id": "ParamShoulderR",
      "Segments": [
        0,
        0,
        0,
        0.317,
        2,
        0,
        0.667,
        0,
        0,
        1.25,
        3,
        0,
        1.917,
        -1,
        2,
        2,
        -1,
        1,
        2.078,
        -1,
        2.155,
        -1.006,
        2.233,
        -0.986,
        1,
        2.328,
        -0.961,
        2.422,
        -0.0,
        2.517,
        0,
        2,
        3.05,
        0
      ]
    },
    {
      "Target": "Parameter",
      "Id": "ParamArmR1",
      "Segments": [
        0,
        -44,
        0,
        0.667,
        -41,
        0,
        1.917,
        -42,
        2,
        2,
        -42,
        0,
        2.233,
        -42.001,
        0,
        2.517,
        -41.809,
        2,
        3.05,
        -41.809
      ]
    },
    {
      "Target": "Parameter",
      "Id": "ParamArmR2",
      "Segments": [
        0,
        6,
        0,
        0.667,
        6,
        1,
        0.861,
        6,
        1.056,
        7.209,
        1.25,
        8,
        1,
        1.472,
        8.904,
        1.695,
        9.0,
        1.917,
        9,
        2,
        2,
        9,
        1,
        2.078,
        9,
        2.155,
        9.001,
        2.233,
        8.998,
        1,
        2.328,
        8.994,
        2.422,
        8.818,
        2.517,
        8.818,
        2,
        3.05,
        8.818
      ]
    },
    {
      "Target": "Parameter",
      "Id": "ParamArmR3",
      "Segments": [
        0,
        16,
        0,
        0.667,
        16,
        1,
        0.995,
        16,
        1.322,
        19.738,
        1.65,
        24,
        1,
        1.739,
        25.156,
        1.828,
        25.0,
        1.917,
        25,
        2,
        2,
        25,
        0,
        2.233,
        25.009,
        0,
        2.517,
        22.93,
        2,
        3.05,
        22.93
      ]
    },
    {
      "Target": "Parameter",
      "Id": "ParamArmR5",
      "Segments": [
        0,
        5,
        0,
        0.667,
        9,
        1,
        0.861,
        9,
        1.056,
        7.448,
        1.25,
        6,
        1,
        1.472,
        4.345,
        1.695,
        4.0,
        1.917,
        4,
        2,
        2,
        4,
        1,
        2.078,
        4,
        2.155,
        4.0,
        2.233,
        4.001,
        1,
        2.328,
        4.003,
        2.422,
        4.425,
        2.517,
        4.425,
        2,
        3.05,
        4.425
      ]
    },
    {
      "Target": "Parameter",
      "Id": "ParamFingerR",
      "Segments": [
        0,
        0,
        0,
        0.317,
        0,
        0,
        0.667,
        -6,
        0,
        1.65,
        -5,
        2,
        2,
        -5,
        0,
        2.517,
        -5.02,
        2,
        3.05,
        -5.02
      ]
    },
    {
      "Target": "Parameter",
      "Id": "ParamShoulderL",
      "Segments": [
        0,
        0,
        0,
        0.317,
        2,
        0,
        0.667,
        0,
        0,
        1.25,
        3,
        0,
        1.917,
        -1,
        2,
        2,
        -1,
        1,
        2.078,
        -1,
        2.155,
        -1.006,
        2.233,
        -0.986,
        1,
        2.328,
        -0.961,
        2.422,
        -0.0,
        2.517,
        0,
        2,
        3.05,
        0
      ]
    },
    {
      "Target": "Parameter",
      "Id": "ParamArmL1",
      "Segments": [
        0,
        -43,
        0,
        0.667,
        -37,
        2,
        1.917,
        -37,
        2,
        2,
        -37,
        0,
        2.233,
        -37.007,
        0,
        2.517,
        -37,
        2,
        3.05,
        -37
      ]
    },
    {
      "Target": "Parameter",
      "Id": "ParamArmL2",
      "Segments": [
        0,
        7,
        0,
        0.667,
        11,
        1,
        0.861,
        11,
        1.056,
        10.239,
        1.25,
        9,
        1,
        1.472,
        7.584,
        1.695,
        7.0,
        1.917,
        7,
        2,
        2,
        7,
        1,
        2.078,
        7,
        2.155,
        7.0,
        2.233,
        7.001,
        1,
        2.328,
        7.003,
        2.422,
        7.519,
        2.517,
        7.519,
        2,
        3.05,
        7.519
      ]
    },
    {
      "Target": "Parameter",
      "Id": "ParamArmL3",
      "Segments": [
        0,
        23,
        0,
        0.667,
        18,
        0,
        1.917,
        28,
        2,
        2,
        28,
        1,
        2.078,
        28,
        2.155,
        28.003,
        2.233,
        27.993,
        1,
        2.328,
        27.981,
        2.422,
        26.087,
        2.517,
        26.087,
        2,
        3.05,
        26.087
      ]
    },
    {
      "Target": "Parameter",
      "Id": "ParamArmL4",
      "Segments": [
        0,
        10,
        0,
        0.667,
        10,
        2,
        1.917,
        10,
        2,
        2,
        10,
        0,
        2.233,
        9.992,
        0,
        2.517,
        10,
        2,
        3.05,
        10
      ]
    },
    {
      "Target": "Parameter",
      "Id": "ParamArmL5",
      "Segments": [
        0,
        0,
        0,
        0.667,
        0,
        0,
        1.917,
        6,
        2,
        2,
        6,
        1,
        2.078,
        6,
        2.155,
        6.0,
        2.233,
        5.999,
        1,
        2.328,
        5.997,
        2.422,
        4.852,
        2.517,
        4.852,
        2,
        3.05,
        4.852
      ]
    },
    {
      "Target": "Parameter",
      "Id": "ParamFingerL",
      "Segments": [
        0,
        0,
        0,
        0.3,
        0,
        0,
        0.667,
        -6,
        0,
        1.667,
        -5,
        2,
        2,
        -5,
        0,
        2.517,
        -5.028,
        2,
        3.05,
        -5.028
      ]
    },
    {
      "Target": "Parameter",
      "Id": "ParamArmL8",
      "Segments": [
        0,
        27,
        0,
        3.05,
        27
      ]
    },
    {
      "Target": "Parameter",
      "Id": "ParamArmR8",
      "Segments": [
        0,
        32,
        0,
        3.05,
        32
      ]
    },
    {
      "Target": "Parameter",
      "Id": "ParamArmL7",
      "Segments": [
        0,
        5,
        0,
        3.05,
        5
      ]
    },
    {
      "Target": "Parameter",
      "Id": "ParamArmR7",
      "Segments": [
        0,
        2,
        0,
        3.05,
        2
      ]
    },
    {
      "Target": "Parameter",
      "Id": "ParamHandRL",
      "Segments": [
        0,
        0,
        0,
        3.05,
        0
      ]
    },
    {
      "Target": "Parameter",
      "Id": "ParamHandRM",
      "Segments": [
        0,
        0,
        0,
        3.05,
        0
      ]
    },
    {
      "Target": "Parameter",
      "Id": "ParamHandRN",
      "Segments": [
        0,
        0,
        0,
        3.05,
        0
      ]
    },
    {
      "Target": "Parameter",
      "Id": "ParamHandRO",
      "Segments": [
        0,
        0,
        0,
        3.05,
        0
      ]
    },
    {
      "Target": "Parameter",
      "Id": "ParamHandRP",
      "Segments": [
        0,
        0,
        0,
        3.05,
        0
      ]
    },
    {
      "Target": "Parameter",
      "Id": "ParamHandLL",
      "Segments": [
        0,
        0,
        0,
        3.05,
        0
      ]
    },
    {
      "Target": "Parameter",
      "Id": "ParamHandLM",
      "Segments": [
        0,
        0,
        0,
        3.05,
        0
      ]
    },
    {
      "Target": "Parameter",
      "Id": "ParamHandLN",
      "Segments": [
        0,
        0,
        0,
        3.05,
        0
      ]
    },
    {
      "Target": "Parameter",
      "Id": "ParamHandLO",
      "Segments": [
        0,
        0,
        0,
        3.05,
        0
      ]
    },
    {
      "Target": "Parameter",
      "Id": "ParamHandLP",
      "Segments": [
        0,
        0,
        0,
        3.05,
        0
      ]
    },
    {
      "Target": "Parameter",
      "Id": "ParamPositionX",
      "Segments": [
        0,
        0,
        0,
        3.05,
        0
      ]
    },
    {
      "Target": "Parameter",
      "Id": "ParamRotationZ",
      "Segments": [
        0,
        0,
        0,
        3.05,
        0
      ]
    },
    {
      "Target": "Parameter",
      "Id": "ParamBodyAngleZ",
      "Segments": [
        0,
        2,
        0,
        3.05,
        2
      ]
    },
    {
      "Target": "Parameter",
      "Id": "ParamLegLZ",
      "Segments": [
        0,
        2,
        0,
        3.05,
        2
      ]
    },
    {
      "Target": "Parameter",
      "Id": "ParamLegRZ",
      "Segments": [
        0,
        -3,
        0,
        3.05,
        -3
      ]
    },
    {
      "Target": "Parameter",
      "Id": "ParamArmR4",
      "Segments": [
        0,
        8,
        0,
        3.05,
        8
      ]
    },
    {
      "Target": "Parameter",
      "Id": "ParamArmR6",
      "Segments": [
        0,
        1,
        0,
        3.05,
        1
      ]
    },
    {
      "Target": "Parameter",
      "Id": "ParamArmR9",
      "Segments": [
        0,
        -0.2,
        0,
        3.05,
        -0.2
      ]
    },
    {
      "Target": "Parameter",
      "Id": "ParamHandRA",
      "Segments": [
        0,
        0,
        0,
        3.05,
        0
      ]
    },
    {
      "Target": "Parameter",
      "Id": "ParamHandRB",
      "Segments": [
        0,
        0,
        0,
        3.05,
        0
      ]
    },
    {
      "Target": "Parameter",
      "Id": "ParamHandRC",
      "Segments": [
        0,
        0,
        0,
        3.05,
        0
      ]
    },
    {
      "Target": "Parameter",
      "Id": "ParamHandRD",
      "Segments": [
        0,
        1,
        0,
        3.05,
        1
      ]
    },
    {
      "Target": "Parameter",
      "Id": "ParamHandRE",
      "Segments": [
        0,
        0,
        0,
        3.05,
        0
      ]
    },
    {
      "Target": "Parameter",
      "Id": "ParamHandRF",
      "Segments": [
        0,
        0,
        0,
        3.05,
        0
      ]
    },
    {
      "Target": "Parameter",
      "Id": "ParamHandRG",
      "Segments": [
        0,
        0,
        0,
        3.05,
        0
      ]
    },
    {
      "Target": "Parameter",
      "Id": "ParamHandRH",
      "Segments": [
        0,
        0,
        0,
        3.05,
        0
      ]
    },
    {
      "Target": "Parameter",
      "Id": "ParamHandRI",
      "Segments": [
        0,
        0,
        0,
        3.05,
        0
      ]
    },
    {
      "Target": "Parameter",
      "Id": "ParamHandRJ",
      "Segments": [
        0,
        0,
        0,
        3.05,
        0
      ]
    },
    {
      "Target": "Parameter",
      "Id": "ParamHandRK",
      "Segments": [
        0,
        0,
        0,
        3.05,
        0
      ]
    },
    {
      "Target": "Parameter",
      "Id": "ParamArmL6",
      "Segments": [
        0,
        1,
        0,
        3.05,
        1
      ]
    },
    {
      "Target": "Parameter",
      "Id": "ParamArmL9",
      "Segments": [
        0,
        -0.2,
        0,
        3.05,
        -0.2
      ]
    },
    {
      "Target": "Parameter",
      "Id": "ParamHandLA",
      "Segments": [
        0,
        0,
        0,
        3.05,
        0
      ]
    },
    {
      "Target": "Parameter",
      "Id": "ParamHandLB",
      "Segments": [
        0,
        0,
        0,
        3.05,
        0
      ]
    },
    {
      "Target": "Parameter",
      "Id": "ParamHandLC",
      "Segments": [
        0,
        0,
        0,
        3.05,
        0
      ]
    },
    {
      "Target": "Parameter",
      "Id": "ParamHandLD",
      "Segments": [
        0,
        0,
        0,
        3.05,
        0
      ]
    },
    {
      "Target": "Parameter",
      "Id": "ParamHandLE",
      "Segments": [
        0,
        0,
        0,
        3.05,
        0
      ]
    },
    {
      "Target": "Parameter",
      "Id": "ParamHandLF",
      "Segments": [
        0,
        0,
        0,
        3.05,
        0
      ]
    },
    {
      "Target": "Parameter",
      "Id": "ParamHandLG",
      "Segments": [
        0,
        1,
        0,
        3.05,
        1
      ]
    },
    {
      "Target": "Parameter",
      "Id": "ParamHandLH",
      "Segments": [
        0,
        0,
        0,
        3.05,
        0
      ]
    },
    {
      "Target": "Parameter",
      "Id": "ParamHandLI",
      "Segments": [
        0,
        0,
        0,
        3.05,
        0
      ]
    },
    {
      "Target": "Parameter",
      "Id": "ParamHandLJ",
      "Segments": [
        0,
        0,
        0,
        3.05,
        0
      ]
    },
    {
      "Target": "Parameter",
      "Id": "ParamHandLK",
      "Segments": [
        0,
        0,
        0,
        3.05,
        0
      ]
    }
  ],
  "UserData": [
    {
      "Time": 0.833,
      "Value": "eyeblink,0.12,0.05,0.17"
    }
  ]
}