{
  "Version": 3,
  "Meta": {
    "Duration": 2.917,
    "Fps": 60.0,
    "Loop": true,
    "AreBeziersRestricted": true,
    "CurveCount": 61,
    "UserDataCount": 1,
    "TotalSegmentCount": 221,
    "TotalPointCount": 239,
    "TotalUserDataSize": 21
  },
  "Curves": [
    {
      "Target": "Parameter",
      "Id": "ParamArmL8",
      "Segments": [
        0,
        -2,
        0,
        0.283,
        0,
        1,
        0.394,
        2.912,
        0.506,
        28.0,
        0.617,
        28,
        0,
        1.167,
        7,
        2,
        2.917,
        7
      ]
    },
    {
      "Target": "Parameter",
      "Id": "ParamArmR8",
      "Segments": [
        0,
        0,
        0,
        0.283,
        0,
        0,
        0.617,
        34,
        0,
        1.167,
        2,
        2,
        2.917,
        2
      ]
    },
    {
      "Target": "Parameter",
      "Id": "ParamAngleX",
      "Segments": [
        0,
        -2,
        0,
        0.517,
        7,
        0,
        1.167,
        -22,
        0,
        1.733,
        18,
        0,
        2.3,
        -4,
        2,
        2.917,
        -4
      ]
    },
    {
      "Target": "Parameter",
      "Id": "ParamAngleY",
      "Segments": [
        0,
        2,
        0,
        0.517,
        9,
        0,
        1.167,
        -15,
        2,
        1.733,
        -15,
        0,
        2.3,
        -11,
        2,
        2.917,
        -11
      ]
    },
    {
      "Target": "Parameter",
      "Id": "ParamAngleZ",
      "Segments": [
        0,
        2,
        0,
        0.517,
        5,
        0,
        1.167,
        -3,
        0,
        1.733,
        6,
        0,
        2.3,
        -2,
        2,
        2.917,
        -2
      ]
    },
    {
      "Target": "Parameter",
      "Id": "ParamEyeROpen",
      "Segments": [
        0,
        1,
        0,
        0.583,
        1,
        0,
        0.783,
        0,
        2,
        1.983,
        0,
        0,
        2.25,
        1,
        2,
        2.917,
        1
      ]
    },
    {
      "Target": "Parameter",
      "Id": "ParamEyeLOpen",
      "Segments": [
        0,
        1,
        0,
        0.583,
        1,
        0,
        0.783,
        0,
        2,
        1.983,
        0,
        0,
        2.25,
        1,
        2,
        2.917,
        1
      ]
    },
    {
      "Target": "Parameter",
      "Id": "ParamEyeballX",
      "Segments": [
        0,
        0,
        0,
        1.767,
        0,
        0,
        2.3,
        0.1,
        2,
        2.917,
        0.1
      ]
    },
    {
      "Target": "Parameter",
      "Id": "ParamBodyAngleX",
      "Segments": [
        0,
        -3,
        0,
        0.417,
        4,
        0,
        1.033,
        -4,
        0,
        1.533,
        -2,
        2,
        2.917,
        -2
      ]
    },
    {
      "Target": "Parameter",
      "Id": "ParamBodyAngleY",
      "Segments": [
        0,
        1,
        0,
        0.417,
        4,
        0,
        1.033,
        -1,
        0,
        1.533,
        0,
        2,
        2.917,
        0
      ]
    },
    {
      "Target": "Parameter",
      "Id": "ParamBodyAngleZ",
      "Segments": [
        0,
        3,
        0,
        0.417,
        -1,
        0,
        1.033,
        1,
        2,
        1.533,
        1,
        2,
        2.917,
        1
      ]
    },
    {
      "Target": "Parameter",
      "Id": "ParamUpperBodyZ",
      "Segments": [
        0,
        -3,
        0,
        0.433,
        3,
        0,
        1.05,
        -3,
        0,
        1.567,
        -2,
        2,
        2.917,
        -2
      ]
    },
    {
      "Target": "Parameter",
      "Id": "ParamShoulderR",
      "Segments": [
        0,
        3,
        0,
        0.25,
        10,
        1,
        0.339,
        10,
        0.428,
        9.786,
        0.517,
        8,
        1,
        0.678,
        4.762,
        0.839,
        2.0,
        1,
        2,
        0,
        1.517,
        4,
        2,
        2.917,
        4
      ]
    },
    {
      "Target": "Parameter",
      "Id": "ParamArmR1",
      "Segments": [
        0,
        -44,
        0,
        0.25,
        -5,
        1,
        0.311,
        -5,
        0.372,
        -29.173,
        0.433,
        -30,
        1,
        0.622,
        -32.557,
        0.811,
        -33.0,
        1,
        -33,
        0,
        1.517,
        -30,
        2,
        2.917,
        -30
      ]
    },
    {
      "Target": "Parameter",
      "Id": "ParamArmR2",
      "Segments": [
        0,
        -2,
        0,
        0.5,
        40,
        0,
        1.05,
        39,
        2,
        1.567,
        39,
        2,
        2.917,
        39
      ]
    },
    {
      "Target": "Parameter",
      "Id": "ParamArmR3",
      "Segments": [
        0,
        -7,
        0,
        0.617,
        36,
        0,
        1.1,
        0,
        0,
        1.617,
        3,
        2,
        2.917,
        3
      ]
    },
    {
      "Target": "Parameter",
      "Id": "ParamArmR4",
      "Segments": [
        0,
        0,
        0,
        0.517,
        8,
        0,
        1,
        0,
        2,
        1.517,
        0,
        2,
        2.917,
        0
      ]
    },
    {
      "Target": "Parameter",
      "Id": "ParamArmR5",
      "Segments": [
        0,
        3,
        0,
        0.35,
        20,
        0,
        0.517,
        8,
        2,
        2.917,
        8
      ]
    },
    {
      "Target": "Parameter",
      "Id": "ParamArmR6",
      "Segments": [
        0,
        0,
        0,
        0.25,
        0,
        0,
        0.267,
        1,
        2,
        2.917,
        1
      ]
    },
    {
      "Target": "Parameter",
      "Id": "ParamArmR9",
      "Segments": [
        0,
        -0.8,
        0,
        0.517,
        0.7,
        2,
        2.917,
        0.7
      ]
    },
    {
      "Target": "Parameter",
      "Id": "ParamHandRA",
      "Segments": [
        0,
        1,
        0,
        0.25,
        1,
        0,
        0.267,
        0,
        2,
        2.917,
        0
      ]
    },
    {
      "Target": "Parameter",
      "Id": "ParamHandRF",
      "Segments": [
        0,
        0,
        0,
        0.25,
        0,
        0,
        0.267,
        1,
        2,
        2.917,
        1
      ]
    },
    {
      "Target": "Parameter",
      "Id": "ParamFingerR",
      "Segments": [
        0,
        0,
        0,
        0.633,
        6,
        0,
        1.217,
        -5,
        0,
        2,
        0,
        2,
        2.917,
        0
      ]
    },
    {
      "Target": "Parameter",
      "Id": "ParamShoulderL",
      "Segments": [
        0,
        4,
        0,
        0.25,
        10,
        1,
        0.35,
        10,
        0.45,
        8.41,
        0.55,
        7,
        1,
        0.717,
        4.65,
        0.883,
        4.0,
        1.05,
        4,
        0,
        1.55,
        7,
        2,
        2.917,
        7
      ]
    },
    {
      "Target": "Parameter",
      "Id": "ParamArmL1",
      "Segments": [
        0,
        -48,
        0,
        0.25,
        -5,
        1,
        0.328,
        -5,
        0.405,
        -34.887,
        0.483,
        -36,
        1,
        0.672,
        -38.703,
        0.861,
        -39.0,
        1.05,
        -39,
        0,
        1.55,
        -36,
        2,
        2.217,
        -36,
        2,
        2.917,
        -36
      ]
    },
    {
      "Target": "Parameter",
      "Id": "ParamArmL2",
      "Segments": [
        0,
        -2,
        0,
        0.5,
        40,
        0,
        1.1,
        39,
        2,
        1.6,
        39,
        2,
        2.917,
        39
      ]
    },
    {
      "Target": "Parameter",
      "Id": "ParamArmL3",
      "Segments": [
        0,
        -13,
        0,
        0.65,
        27,
        0,
        1.15,
        1,
        0,
        1.65,
        9,
        2,
        2.917,
        9
      ]
    },
    {
      "Target": "Parameter",
      "Id": "ParamArmL4",
      "Segments": [
        0,
        0,
        0,
        0.55,
        8,
        0,
        1.05,
        0,
        2,
        1.55,
        0,
        2,
        2.917,
        0
      ]
    },
    {
      "Target": "Parameter",
      "Id": "ParamArmL5",
      "Segments": [
        0,
        0,
        0,
        0.35,
        20,
        0,
        0.517,
        11,
        2,
        2.917,
        11
      ]
    },
    {
      "Target": "Parameter",
      "Id": "ParamArmL6",
      "Segments": [
        0,
        0,
        0,
        0.25,
        0,
        0,
        0.267,
        1,
        2,
        2.917,
        1
      ]
    },
    {
      "Target": "Parameter",
      "Id": "ParamArmL9",
      "Segments": [
        0,
        -0.8,
        0,
        0.517,
        0.7,
        2,
        2.917,
        0.7
      ]
    },
    {
      "Target": "Parameter",
      "Id": "ParamHandLA",
      "Segments": [
        0,
        1,
        0,
        0.25,
        1,
        0,
        0.267,
        0,
        2,
        2.917,
        0
      ]
    },
    {
      "Target": "Parameter",
      "Id": "ParamHandLJ",
      "Segments": [
        0,
        0,
        0,
        0.25,
        0,
        0,
        0.267,
        1,
        2,
        2.917,
        1
      ]
    },
    {
      "Target": "Parameter",
      "Id": "ParamFingerL",
      "Segments": [
        0,
        0,
        0,
        0.633,
        8,
        0,
        1.217,
        -4,
        0,
        2,
        0,
        2,
        2.917,
        0
      ]
    },
    {
      "Target": "Parameter",
      "Id": "ParamArmL7",
      "Segments": [
        0,
        0,
        0,
        2.917,
        0
      ]
    },
    {
      "Target": "Parameter",
      "Id": "ParamArmR7",
      "Segments": [
        0,
        8,
        0,
        2.917,
        8
      ]
    },
    {
      "Target": "Parameter",
      "Id": "ParamPositionX",
      "Segments": [
        0,
        0,
        0,
        2.917,
        0
      ]
    },
    {
      "Target": "Parameter",
      "Id": "ParamPositionY",
      "Segments": [
        0,
        0,
        0,
        2.917,
        0
      ]
    },
    {
      "Target": "Parameter",
      "Id": "ParamRotationZ",
      "Segments": [
        0,
        0,
        0,
        2.917,
        0
      ]
    },
    {
      "Target": "Parameter",
      "Id": "ParamUpperBody",
      "Segments": [
        0,
        0,
        0,
        2.917,
        0
      ]
    },
    {
      "Target": "Parameter",
      "Id": "ParamBreath",
      "Segments": [
        0,
        0,
        0,
        2.917,
        0
      ]
    },
    {
      "Target": "Parameter",
      "Id": "ParamLegLZ",
      "Segments": [
        0,
        0,
        0,
        2.917,
        0
      ]
    },
    {
      "Target": "Parameter",
      "Id": "ParamLegRZ",
      "Segments": [
        0,
        0,
        0,
        2.917,
        0
      ]
    },
    {
      "Target": "Parameter",
      "Id": "ParamHandRB",
      "Segments": [
        0,
        0,
        0,
        2.917,
        0
      ]
    },
    {
      "Target": "Parameter",
      "Id": "ParamHandRC",
      "Segments": [
        0,
        0,
        0,
        2.917,
        0
      ]
    },
    {
      "Target": "Parameter",
      "Id": "ParamHandRD",
      "Segments": [
        0,
        0,
        0,
        2.917,
        0
      ]
    },
    {
      "Target": "Parameter",
      "Id": "ParamHandRE",
      "Segments": [
        0,
        0,
        0,
        2.917,
        0
      ]
    },
    {
      "Target": "Parameter",
      "Id": "ParamHandRG",
      "Segments": [
        0,
        0,
        0,
        2.917,
        0
      ]
    },
    {
      "Target": "Parameter",
      "Id": "ParamHandRH",
      "Segments": [
        0,
        0,
        0,
        2.917,
        0
      ]
    },
    {
      "Target": "Parameter",
      "Id": "ParamHandRI",
      "Segments": [
        0,
        0,
        0,
        2.917,
        0
      ]
    },
    {
      "Target": "Parameter",
      "Id": "ParamHandRJ",
      "Segments": [
        0,
        0,
        0,
        2.917,
        0
      ]
    },
    {
      "Target": "Parameter",
      "Id": "ParamHandRK",
      "Segments": [
        0,
        0,
        0,
        2.917,
        0
      ]
    },
    {
      "Target": "Parameter",
      "Id": "ParamHandLB",
      "Segments": [
        0,
        0,
        0,
        2.917,
        0
      ]
    },
    {
      "Target": "Parameter",
      "Id": "ParamHandLC",
      "Segments": [
        0,
        0,
        0,
        2.917,
        0
      ]
    },
    {
      "Target": "Parameter",
      "Id": "ParamHandLD",
      "Segments": [
        0,
        0,
        0,
        2.917,
        0
      ]
    },
    {
      "Target": "Parameter",
      "Id": "ParamHandLE",
      "Segments": [
        0,
        0,
        0,
        2.917,
        0
      ]
    },
    {
      "Target": "Parameter",
      "Id": "ParamHandLF",
      "Segments": [
        0,
        0,
        0,
        2.917,
        0
      ]
    },
    {
      "Target": "Parameter",
      "Id": "ParamHandLG",
      "Segments": [
        0,
        0,
        0,
        2.917,
        0
      ]
    },
    {
      "Target": "Parameter",
      "Id": "ParamHandLH",
      "Segments": [
        0,
        0,
        0,
        2.917,
        0
      ]
    },
    {
      "Target": "Parameter",
      "Id": "ParamHandLI",
      "Segments": [
        0,
        0,
        0,
        2.917,
        0
      ]
    },
    {
      "Target": "Parameter",
      "Id": "ParamHandLK",
      "Segments": [
        0,
        0,
        0,
        2.917,
        0
      ]
    }
  ],
  "UserData": [
    {
      "Time": 0.583,
      "Value": "eyeblink,0.2,1.2,0.27"
    }
  ]
}