{
  "Version": 3,
  "Meta": {
    "Duration": 2.533,
    "Fps": 60.0,
    "Loop": true,
    "AreBeziersRestricted": true,
    "CurveCount": 71,
    "UserDataCount": 2,
    "TotalSegmentCount": 242,
    "TotalPointCount": 258,
    "TotalUserDataSize": 43
  },
  "Curves": [
    {
      "Target": "Parameter",
      "Id": "ParamArmL8",
      "Segments": [
        0,
        0,
        0,
        0.7,
        26,
        2,
        2.533,
        26
      ]
    },
    {
      "Target": "Parameter",
      "Id": "ParamArmR8",
      "Segments": [
        0,
        -27,
        0,
        0.4,
        -2,
        0,
        0.7,
        -29,
        0,
        1.3,
        -12,
        2,
        2.533,
        -12
      ]
    },
    {
      "Target": "Parameter",
      "Id": "ParamArmL7",
      "Segments": [
        0,
        3,
        0,
        0.65,
        6,
        2,
        2.533,
        6
      ]
    },
    {
      "Target": "Parameter",
      "Id": "ParamPositionX",
      "Segments": [
        0,
        0,
        0,
        0.333,
        1,
        2,
        2.533,
        1
      ]
    },
    {
      "Target": "Parameter",
      "Id": "ParamAngleX",
      "Segments": [
        0,
        0,
        0,
        0.333,
        0,
        0,
        0.717,
        -1,
        0,
        1.317,
        8,
        0,
        1.867,
        6,
        2,
        2.533,
        6
      ]
    },
    {
      "Target": "Parameter",
      "Id": "ParamAngleY",
      "Segments": [
        0,
        4,
        0,
        0.333,
        2,
        0,
        0.717,
        6,
        0,
        1.317,
        -2,
        0,
        1.867,
        0,
        2,
        2.533,
        0
      ]
    },
    {
      "Target": "Parameter",
      "Id": "ParamAngleZ",
      "Segments": [
        0,
        -23,
        0,
        0.333,
        -5,
        0,
        0.717,
        -18,
        0,
        1.317,
        15,
        0,
        1.867,
        12,
        2,
        2.533,
        12
      ]
    },
    {
      "Target": "Parameter",
      "Id": "ParamEyeROpen",
      "Segments": [
        0,
        1,
        0,
        0.333,
        1,
        2,
        0.717,
        1,
        0,
        1.133,
        0,
        2,
        1.217,
        0,
        0,
        1.6,
        1,
        2,
        2.533,
        1
      ]
    },
    {
      "Target": "Parameter",
      "Id": "ParamEyeLOpen",
      "Segments": [
        0,
        1,
        0,
        0.333,
        1,
        2,
        0.717,
        1,
        0,
        1.133,
        0,
        2,
        1.217,
        0,
        0,
        1.6,
        1,
        2,
        2.533,
        1
      ]
    },
    {
      "Target": "Parameter",
      "Id": "ParamEyeballX",
      "Segments": [
        0,
        0,
        0,
        0.333,
        -0.1,
        2,
        2.533,
        -0.1
      ]
    },
    {
      "Target": "Parameter",
      "Id": "ParamBodyAngleX",
      "Segments": [
        0,
        4,
        0,
        0.517,
        -8,
        2,
        0.6,
        -8,
        0,
        1.2,
        10,
        0,
        1.75,
        9,
        2,
        2.533,
        9
      ]
    },
    {
      "Target": "Parameter",
      "Id": "ParamBodyAngleY",
      "Segments": [
        0,
        0,
        0,
        0.517,
        2,
        2,
        0.6,
        2,
        0,
        1.2,
        0,
        2,
        1.75,
        0,
        2,
        2.533,
        0
      ]
    },
    {
      "Target": "Parameter",
      "Id": "ParamBodyAngleZ",
      "Segments": [
        0,
        -2,
        0,
        0.517,
        -5,
        2,
        0.6,
        -5,
        2,
        2.533,
        -5
      ]
    },
    {
      "Target": "Parameter",
      "Id": "ParamUpperBodyZ",
      "Segments": [
        0,
        6,
        0,
        0.517,
        6,
        2,
        0.6,
        6,
        0,
        1.2,
        9,
        0,
        1.75,
        8,
        2,
        2.533,
        8
      ]
    },
    {
      "Target": "Parameter",
      "Id": "ParamUpperBody",
      "Segments": [
        0,
        0,
        0,
        0.517,
        1,
        2,
        0.6,
        1,
        0,
        1.2,
        0,
        2,
        2.533,
        0
      ]
    },
    {
      "Target": "Parameter",
      "Id": "ParamLegLZ",
      "Segments": [
        0,
        0,
        0,
        0.333,
        -4,
        2,
        2.533,
        -4
      ]
    },
    {
      "Target": "Parameter",
      "Id": "ParamShoulderR",
      "Segments": [
        0,
        5,
        0,
        0.6,
        2,
        1,
        0.8,
        -0.662,
        1.0,
        -4.0,
        1.2,
        -4,
        0,
        1.75,
        -2,
        2,
        2.533,
        -2
      ]
    },
    {
      "Target": "Parameter",
      "Id": "ParamArmR1",
      "Segments": [
        0,
        -44,
        0,
        0.6,
        -25,
        0,
        1.2,
        -44,
        0,
        1.75,
        -42,
        2,
        2.533,
        -42
      ]
    },
    {
      "Target": "Parameter",
      "Id": "ParamArmR2",
      "Segments": [
        0,
        21,
        0,
        0.4,
        -2,
        1,
        0.489,
        -4.629,
        0.578,
        -4.0,
        0.667,
        -4,
        0,
        1.267,
        -1,
        0,
        1.817,
        -2,
        2,
        2.533,
        -2
      ]
    },
    {
      "Target": "Parameter",
      "Id": "ParamArmR3",
      "Segments": [
        0,
        -23,
        0,
        0.467,
        0,
        0,
        0.733,
        -25,
        0,
        1.333,
        -11,
        0,
        1.883,
        -16,
        2,
        2.533,
        -16
      ]
    },
    {
      "Target": "Parameter",
      "Id": "ParamArmR4",
      "Segments": [
        0,
        0,
        0,
        0.6,
        -6,
        0,
        1.2,
        0,
        2,
        2.533,
        0
      ]
    },
    {
      "Target": "Parameter",
      "Id": "ParamArmR5",
      "Segments": [
        0,
        3,
        0,
        0.333,
        0,
        2,
        2.533,
        0
      ]
    },
    {
      "Target": "Parameter",
      "Id": "ParamArmR6",
      "Segments": [
        0,
        1.1,
        0,
        0.333,
        1.1,
        0,
        0.35,
        0,
        2,
        2.533,
        0
      ]
    },
    {
      "Target": "Parameter",
      "Id": "ParamHandRA",
      "Segments": [
        0,
        0,
        0,
        0.25,
        0,
        0,
        0.267,
        1,
        2,
        2.533,
        1
      ]
    },
    {
      "Target": "Parameter",
      "Id": "ParamHandRD",
      "Segments": [
        0,
        1,
        0,
        0.25,
        1,
        0,
        0.267,
        0,
        2,
        2.533,
        0
      ]
    },
    {
      "Target": "Parameter",
      "Id": "ParamFingerR",
      "Segments": [
        0,
        0,
        0,
        0.733,
        10,
        0,
        1.417,
        -4,
        0,
        2.017,
        0,
        2,
        2.533,
        0
      ]
    },
    {
      "Target": "Parameter",
      "Id": "ParamShoulderL",
      "Segments": [
        0,
        4,
        0,
        0.6,
        5,
        0,
        1.2,
        -1,
        0,
        1.75,
        1,
        2,
        2.533,
        1
      ]
    },
    {
      "Target": "Parameter",
      "Id": "ParamArmL1",
      "Segments": [
        0,
        -43,
        0,
        0.333,
        -40,
        1,
        0.422,
        -38.245,
        0.511,
        -37.0,
        0.6,
        -37,
        0,
        1.2,
        -40,
        2,
        2.533,
        -40
      ]
    },
    {
      "Target": "Parameter",
      "Id": "ParamArmL2",
      "Segments": [
        0,
        1,
        0,
        0.333,
        27,
        1,
        0.45,
        40.771,
        0.566,
        44.0,
        0.683,
        44,
        0,
        1.283,
        42,
        2,
        1.833,
        42,
        2,
        2.533,
        42
      ]
    },
    {
      "Target": "Parameter",
      "Id": "ParamArmL3",
      "Segments": [
        0,
        4,
        0,
        0.75,
        18,
        0,
        1.35,
        10,
        0,
        1.9,
        18,
        2,
        2.533,
        18
      ]
    },
    {
      "Target": "Parameter",
      "Id": "ParamArmL4",
      "Segments": [
        0,
        0,
        0,
        0.6,
        14,
        1,
        0.8,
        14,
        1.0,
        11.057,
        1.2,
        9,
        1,
        1.383,
        7.114,
        1.567,
        7.0,
        1.75,
        7,
        2,
        2.533,
        7
      ]
    },
    {
      "Target": "Parameter",
      "Id": "ParamArmL5",
      "Segments": [
        0,
        0,
        0,
        0.333,
        15,
        1,
        0.422,
        15,
        0.511,
        6.195,
        0.6,
        5,
        1,
        0.8,
        2.31,
        1.0,
        2.0,
        1.2,
        2,
        0,
        1.75,
        3,
        2,
        2.533,
        3
      ]
    },
    {
      "Target": "Parameter",
      "Id": "ParamHandLB",
      "Segments": [
        0,
        0,
        0,
        0.217,
        0,
        0,
        0.233,
        1,
        2,
        2.533,
        1
      ]
    },
    {
      "Target": "Parameter",
      "Id": "ParamHandLG",
      "Segments": [
        0,
        1,
        0,
        0.217,
        1,
        0,
        0.233,
        0,
        2,
        2.533,
        0
      ]
    },
    {
      "Target": "Parameter",
      "Id": "ParamFingerL",
      "Segments": [
        0,
        0,
        0,
        0.733,
        10,
        0,
        1.367,
        -5,
        0,
        1.9,
        0,
        2,
        2.533,
        0
      ]
    },
    {
      "Target": "Parameter",
      "Id": "ParamArmR7",
      "Segments": [
        0,
        0,
        0,
        2.533,
        0
      ]
    },
    {
      "Target": "Parameter",
      "Id": "ParamHandRL",
      "Segments": [
        0,
        0,
        0,
        2.533,
        0
      ]
    },
    {
      "Target": "Parameter",
      "Id": "ParamHandRM",
      "Segments": [
        0,
        0,
        0,
        2.533,
        0
      ]
    },
    {
      "Target": "Parameter",
      "Id": "ParamHandRN",
      "Segments": [
        0,
        0,
        0,
        2.533,
        0
      ]
    },
    {
      "Target": "Parameter",
      "Id": "ParamHandRO",
      "Segments": [
        0,
        0,
        0,
        2.533,
        0
      ]
    },
    {
      "Target": "Parameter",
      "Id": "ParamHandRP",
      "Segments": [
        0,
        0,
        0,
        2.533,
        0
      ]
    },
    {
      "Target": "Parameter",
      "Id": "ParamHandLL",
      "Segments": [
        0,
        0,
        0,
        2.533,
        0
      ]
    },
    {
      "Target": "Parameter",
      "Id": "ParamHandLM",
      "Segments": [
        0,
        0,
        0,
        2.533,
        0
      ]
    },
    {
      "Target": "Parameter",
      "Id": "ParamHandLN",
      "Segments": [
        0,
        0,
        0,
        2.533,
        0
      ]
    },
    {
      "Target": "Parameter",
      "Id": "ParamHandLO",
      "Segments": [
        0,
        0,
        0,
        2.533,
        0
      ]
    },
    {
      "Target": "Parameter",
      "Id": "ParamHandLP",
      "Segments": [
        0,
        0,
        0,
        2.533,
        0
      ]
    },
    {
      "Target": "Parameter",
      "Id": "ParamPositionY",
      "Segments": [
        0,
        0,
        0,
        2.533,
        0
      ]
    },
    {
      "Target": "Parameter",
      "Id": "ParamRotationZ",
      "Segments": [
        0,
        0,
        0,
        2.533,
        0
      ]
    },
    {
      "Target": "Parameter",
      "Id": "ParamBreath",
      "Segments": [
        0,
        0,
        0,
        2.533,
        0
      ]
    },
    {
      "Target": "Parameter",
      "Id": "ParamLegRZ",
      "Segments": [
        0,
        1,
        0,
        2.533,
        1
      ]
    },
    {
      "Target": "Parameter",
      "Id": "ParamArmR9",
      "Segments": [
        0,
        0,
        0,
        2.533,
        0
      ]
    },
    {
      "Target": "Parameter",
      "Id": "ParamHandRB",
      "Segments": [
        0,
        0,
        0,
        2.533,
        0
      ]
    },
    {
      "Target": "Parameter",
      "Id": "ParamHandRC",
      "Segments": [
        0,
        0,
        0,
        2.533,
        0
      ]
    },
    {
      "Target": "Parameter",
      "Id": "ParamHandRE",
      "Segments": [
        0,
        0,
        0,
        2.533,
        0
      ]
    },
    {
      "Target": "Parameter",
      "Id": "ParamHandRF",
      "Segments": [
        0,
        0,
        0,
        2.533,
        0
      ]
    },
    {
      "Target": "Parameter",
      "Id": "ParamHandRG",
      "Segments": [
        0,
        0,
        0,
        2.533,
        0
      ]
    },
    {
      "Target": "Parameter",
      "Id": "ParamHandRH",
      "Segments": [
        0,
        0,
        0,
        2.533,
        0
      ]
    },
    {
      "Target": "Parameter",
      "Id": "ParamHandRI",
      "Segments": [
        0,
        0,
        0,
        2.533,
        0
      ]
    },
    {
      "Target": "Parameter",
      "Id": "ParamHandRJ",
      "Segments": [
        0,
        0,
        0,
        2.533,
        0
      ]
    },
    {
      "Target": "Parameter",
      "Id": "ParamHandRK",
      "Segments": [
        0,
        0,
        0,
        2.533,
        0
      ]
    },
    {
      "Target": "Parameter",
      "Id": "ParamArmL6",
      "Segments": [
        0,
        1,
        0,
        2.533,
        1
      ]
    },
    {
      "Target": "Parameter",
      "Id": "ParamArmL9",
      "Segments": [
        0,
        0,
        0,
        2.533,
        0
      ]
    },
    {
      "Target": "Parameter",
      "Id": "ParamHandLA",
      "Segments": [
        0,
        0,
        0,
        2.533,
        0
      ]
    },
    {
      "Target": "Parameter",
      "Id": "ParamHandLC",
      "Segments": [
        0,
        0,
        0,
        2.533,
        0
      ]
    },
    {
      "Target": "Parameter",
      "Id": "ParamHandLD",
      "Segments": [
        0,
        0,
        0,
        2.533,
        0
      ]
    },
    {
      "Target": "Parameter",
      "Id": "ParamHandLE",
      "Segments": [
        0,
        0,
        0,
        2.533,
        0
      ]
    },
    {
      "Target": "Parameter",
      "Id": "ParamHandLF",
      "Segments": [
        0,
        0,
        0,
        2.533,
        0
      ]
    },
    {
      "Target": "Parameter",
      "Id": "ParamHandLH",
      "Segments": [
        0,
        0,
        0,
        2.533,
        0
      ]
    },
    {
      "Target": "Parameter",
      "Id": "ParamHandLI",
      "Segments": [
        0,
        0,
        0,
        2.533,
        0
      ]
    },
    {
      "Target": "Parameter",
      "Id": "ParamHandLJ",
      "Segments": [
        0,
        0,
        0,
        2.533,
        0
      ]
    },
    {
      "Target": "Parameter",
      "Id": "ParamHandLK",
      "Segments": [
        0,
        0,
        0,
        2.533,
        0
      ]
    }
  ],
  "UserData": [
    {
      "Time": 0,
      "Value": "eyeblink,0.3,0.0,0.6"
    },
    {
      "Time": 0.717,
      "Value": "eyeblink,0.42,0.08,0.38"
    }
  ]
}