{
  "Version": 3,
  "Meta": {
    "Duration": 2.933,
    "Fps": 60.0,
    "Loop": true,
    "AreBeziersRestricted": true,
    "CurveCount": 71,
    "UserDataCount": 1,
    "TotalSegmentCount": 196,
    "TotalPointCount": 200,
    "TotalUserDataSize": 23
  },
  "Curves": [
    {
      "Target": "Parameter",
      "Id": "ParamArmR8",
      "Segments": [
        0,
        17,
        0,
        0.467,
        0,
        0,
        1.183,
        19,
        2,
        2.933,
        19
      ]
    },
    {
      "Target": "Parameter",
      "Id": "ParamPositionY",
      "Segments": [
        0,
        0,
        0,
        0.4,
        0,
        0,
        0.9,
        -1,
        0,
        1.4,
        0,
        2,
        2.933,
        0
      ]
    },
    {
      "Target": "Parameter",
      "Id": "ParamAngleX",
      "Segments": [
        0,
        0,
        0,
        0.4,
        -1,
        1,
        0.544,
        -2.08,
        0.689,
        -4.0,
        0.833,
        -4,
        0,
        1.4,
        -2,
        2,
        2.933,
        -2
      ]
    },
    {
      "Target": "Parameter",
      "Id": "ParamAngleY",
      "Segments": [
        0,
        0,
        0,
        0.4,
        8,
        0,
        0.9,
        -27,
        0,
        1.467,
        2,
        2,
        2.933,
        2
      ]
    },
    {
      "Target": "Parameter",
      "Id": "ParamAngleZ",
      "Segments": [
        0,
        0,
        0,
        0.267,
        0,
        0,
        0.7,
        2,
        2,
        1.3,
        2,
        2,
        2.933,
        2
      ]
    },
    {
      "Target": "Parameter",
      "Id": "ParamEyeROpen",
      "Segments": [
        0,
        1,
        0,
        0.567,
        1,
        0,
        0.767,
        0,
        2,
        1,
        0,
        0,
        1.167,
        1,
        2,
        2.933,
        1
      ]
    },
    {
      "Target": "Parameter",
      "Id": "ParamEyeLOpen",
      "Segments": [
        0,
        1,
        0,
        0.567,
        1,
        0,
        0.767,
        0,
        2,
        1,
        0,
        0,
        1.167,
        1,
        2,
        2.933,
        1
      ]
    },
    {
      "Target": "Parameter",
      "Id": "ParamBodyAngleX",
      "Segments": [
        0,
        0,
        0,
        0.333,
        -1,
        1,
        0.544,
        -2.929,
        0.756,
        -5.0,
        0.967,
        -5,
        0,
        1.667,
        -3,
        2,
        2.933,
        -3
      ]
    },
    {
      "Target": "Parameter",
      "Id": "ParamBodyAngleY",
      "Segments": [
        0,
        0,
        0,
        0.467,
        2,
        0,
        1.1,
        -1,
        0,
        1.733,
        1,
        2,
        2.933,
        1
      ]
    },
    {
      "Target": "Parameter",
      "Id": "ParamBodyAngleZ",
      "Segments": [
        0,
        2,
        0,
        0.633,
        0,
        2,
        2.933,
        0
      ]
    },
    {
      "Target": "Parameter",
      "Id": "ParamUpperBodyZ",
      "Segments": [
        0,
        -1,
        0,
        0.633,
        2,
        0,
        1.4,
        1,
        2,
        2.933,
        1
      ]
    },
    {
      "Target": "Parameter",
      "Id": "ParamLegLZ",
      "Segments": [
        0,
        0,
        0,
        0.933,
        1,
        2,
        2.933,
        1
      ]
    },
    {
      "Target": "Parameter",
      "Id": "ParamShoulderR",
      "Segments": [
        0,
        0,
        0,
        0.267,
        1,
        0,
        0.783,
        0,
        2,
        2.933,
        0
      ]
    },
    {
      "Target": "Parameter",
      "Id": "ParamArmR1",
      "Segments": [
        0,
        -45,
        0,
        0.35,
        -40,
        0,
        0.9,
        -45,
        2,
        2.933,
        -45
      ]
    },
    {
      "Target": "Parameter",
      "Id": "ParamArmR2",
      "Segments": [
        0,
        4.5,
        0,
        0.45,
        3,
        0,
        1.117,
        4,
        2,
        2.933,
        4
      ]
    },
    {
      "Target": "Parameter",
      "Id": "ParamArmR3",
      "Segments": [
        0,
        14,
        0,
        0.467,
        1,
        0,
        1.2,
        15,
        2,
        2.933,
        15
      ]
    },
    {
      "Target": "Parameter",
      "Id": "ParamFingerR",
      "Segments": [
        0,
        0,
        0,
        0.567,
        7,
        0,
        1.183,
        -5,
        0,
        1.867,
        0,
        2,
        2.933,
        0
      ]
    },
    {
      "Target": "Parameter",
      "Id": "ParamShoulderL",
      "Segments": [
        0,
        1,
        0,
        0.267,
        1,
        0,
        0.783,
        0,
        2,
        2.933,
        0
      ]
    },
    {
      "Target": "Parameter",
      "Id": "ParamArmL1",
      "Segments": [
        0,
        -45,
        0,
        0.433,
        -42,
        2,
        2.933,
        -42
      ]
    },
    {
      "Target": "Parameter",
      "Id": "ParamArmL2",
      "Segments": [
        0,
        38,
        0,
        0.533,
        41,
        0,
        1.017,
        39,
        2,
        2.933,
        39
      ]
    },
    {
      "Target": "Parameter",
      "Id": "ParamArmL3",
      "Segments": [
        0,
        18,
        0,
        0.617,
        23,
        0,
        1.183,
        14,
        2,
        2.933,
        14
      ]
    },
    {
      "Target": "Parameter",
      "Id": "ParamArmL5",
      "Segments": [
        0,
        4,
        0,
        0.533,
        6,
        2,
        1.017,
        6,
        2,
        2.933,
        6
      ]
    },
    {
      "Target": "Parameter",
      "Id": "ParamFingerL",
      "Segments": [
        0,
        0,
        0,
        0.65,
        5,
        0,
        1.267,
        -5,
        2,
        2.933,
        -5
      ]
    },
    {
      "Target": "Parameter",
      "Id": "ParamArmL8",
      "Segments": [
        0,
        21,
        0,
        2.933,
        21
      ]
    },
    {
      "Target": "Parameter",
      "Id": "ParamArmL7",
      "Segments": [
        0,
        5,
        0,
        2.933,
        5
      ]
    },
    {
      "Target": "Parameter",
      "Id": "ParamArmR7",
      "Segments": [
        0,
        5,
        0,
        2.933,
        5
      ]
    },
    {
      "Target": "Parameter",
      "Id": "ParamHandRL",
      "Segments": [
        0,
        0,
        0,
        2.933,
        0
      ]
    },
    {
      "Target": "Parameter",
      "Id": "ParamHandRM",
      "Segments": [
        0,
        0,
        0,
        2.933,
        0
      ]
    },
    {
      "Target": "Parameter",
      "Id": "ParamHandRN",
      "Segments": [
        0,
        0,
        0,
        2.933,
        0
      ]
    },
    {
      "Target": "Parameter",
      "Id": "ParamHandRO",
      "Segments": [
        0,
        0,
        0,
        2.933,
        0
      ]
    },
    {
      "Target": "Parameter",
      "Id": "ParamHandRP",
      "Segments": [
        0,
        0,
        0,
        2.933,
        0
      ]
    },
    {
      "Target": "Parameter",
      "Id": "ParamHandLL",
      "Segments": [
        0,
        0,
        0,
        2.933,
        0
      ]
    },
    {
      "Target": "Parameter",
      "Id": "ParamHandLM",
      "Segments": [
        0,
        0,
        0,
        2.933,
        0
      ]
    },
    {
      "Target": "Parameter",
      "Id": "ParamHandLN",
      "Segments": [
        0,
        0,
        0,
        2.933,
        0
      ]
    },
    {
      "Target": "Parameter",
      "Id": "ParamHandLO",
      "Segments": [
        0,
        0,
        0,
        2.933,
        0
      ]
    },
    {
      "Target": "Parameter",
      "Id": "ParamHandLP",
      "Segments": [
        0,
        0,
        0,
        2.933,
        0
      ]
    },
    {
      "Target": "Parameter",
      "Id": "ParamPositionX",
      "Segments": [
        0,
        0,
        0,
        2.933,
        0
      ]
    },
    {
      "Target": "Parameter",
      "Id": "ParamRotationZ",
      "Segments": [
        0,
        0,
        0,
        2.933,
        0
      ]
    },
    {
      "Target": "Parameter",
      "Id": "ParamEyeballX",
      "Segments": [
        0,
        0,
        0,
        2.933,
        0
      ]
    },
    {
      "Target": "Parameter",
      "Id": "ParamUpperBody",
      "Segments": [
        0,
        0,
        0,
        2.933,
        0
      ]
    },
    {
      "Target": "Parameter",
      "Id": "ParamBreath",
      "Segments": [
        0,
        0,
        0,
        2.933,
        0
      ]
    },
    {
      "Target": "Parameter",
      "Id": "ParamLegRZ",
      "Segments": [
        0,
        0,
        0,
        2.933,
        0
      ]
    },
    {
      "Target": "Parameter",
      "Id": "ParamArmR4",
      "Segments": [
        0,
        0,
        0,
        2.933,
        0
      ]
    },
    {
      "Target": "Parameter",
      "Id": "ParamArmR5",
      "Segments": [
        0,
        0,
        0,
        2.933,
        0
      ]
    },
    {
      "Target": "Parameter",
      "Id": "ParamArmR6",
      "Segments": [
        0,
        1,
        0,
        2.933,
        1
      ]
    },
    {
      "Target": "Parameter",
      "Id": "ParamArmR9",
      "Segments": [
        0,
        -0.2,
        0,
        2.933,
        -0.2
      ]
    },
    {
      "Target": "Parameter",
      "Id": "ParamHandRA",
      "Segments": [
        0,
        0,
        0,
        2.933,
        0
      ]
    },
    {
      "Target": "Parameter",
      "Id": "ParamHandRB",
      "Segments": [
        0,
        0,
        0,
        2.933,
        0
      ]
    },
    {
      "Target": "Parameter",
      "Id": "ParamHandRC",
      "Segments": [
        0,
        0,
        0,
        2.933,
        0
      ]
    },
    {
      "Target": "Parameter",
      "Id": "ParamHandRD",
      "Segments": [
        0,
        0,
        0,
        2.933,
        0
      ]
    },
    {
      "Target": "Parameter",
      "Id": "ParamHandRE",
      "Segments": [
        0,
        0,
        0,
        2.933,
        0
      ]
    },
    {
      "Target": "Parameter",
      "Id": "ParamHandRF",
      "Segments": [
        0,
        0,
        0,
        2.933,
        0
      ]
    },
    {
      "Target": "Parameter",
      "Id": "ParamHandRG",
      "Segments": [
        0,
        1,
        0,
        2.933,
        1
      ]
    },
    {
      "Target": "Parameter",
      "Id": "ParamHandRH",
      "Segments": [
        0,
        0,
        0,
        2.933,
        0
      ]
    },
    {
      "Target": "Parameter",
      "Id": "ParamHandRI",
      "Segments": [
        0,
        0,
        0,
        2.933,
        0
      ]
    },
    {
      "Target": "Parameter",
      "Id": "ParamHandRJ",
      "Segments": [
        0,
        0,
        0,
        2.933,
        0
      ]
    },
    {
      "Target": "Parameter",
      "Id": "ParamHandRK",
      "Segments": [
        0,
        0,
        0,
        2.933,
        0
      ]
    },
    {
      "Target": "Parameter",
      "Id": "ParamArmL4",
      "Segments": [
        0,
        0,
        0,
        2.933,
        0
      ]
    },
    {
      "Target": "Parameter",
      "Id": "ParamArmL6",
      "Segments": [
        0,
        1,
        0,
        2.933,
        1
      ]
    },
    {
      "Target": "Parameter",
      "Id": "ParamArmL9",
      "Segments": [
        0,
        0,
        0,
        2.933,
        0
      ]
    },
    {
      "Target": "Parameter",
      "Id": "ParamHandLA",
      "Segments": [
        0,
        0,
        0,
        2.933,
        0
      ]
    },
    {
      "Target": "Parameter",
      "Id": "ParamHandLB",
      "Segments": [
        0,
        0,
        0,
        2.933,
        0
      ]
    },
    {
      "Target": "Parameter",
      "Id": "ParamHandLC",
      "Segments": [
        0,
        0,
        0,
        2.933,
        0
      ]
    },
    {
      "Target": "Parameter",
      "Id": "ParamHandLD",
      "Segments": [
        0,
        0,
        0,
        2.933,
        0
      ]
    },
    {
      "Target": "Parameter",
      "Id": "ParamHandLE",
      "Segments": [
        0,
        0,
        0,
        2.933,
        0
      ]
    },
    {
      "Target": "Parameter",
      "Id": "ParamHandLF",
      "Segments": [
        0,
        0,
        0,
        2.933,
        0
      ]
    },
    {
      "Target": "Parameter",
      "Id": "ParamHandLG",
      "Segments": [
        0,
        1,
        0,
        2.933,
        1
      ]
    },
    {
      "Target": "Parameter",
      "Id": "ParamHandLH",
      "Segments": [
        0,
        0,
        0,
        2.933,
        0
      ]
    },
    {
      "Target": "Parameter",
      "Id": "ParamHandLI",
      "Segments": [
        0,
        0,
        0,
        2.933,
        0
      ]
    },
    {
      "Target": "Parameter",
      "Id": "ParamHandLJ",
      "Segments": [
        0,
        0,
        0,
        2.933,
        0
      ]
    },
    {
      "Target": "Parameter",
      "Id": "ParamHandLK",
      "Segments": [
        0,
        0,
        0,
        2.933,
        0
      ]
    }
  ],
  "UserData": [
    {
      "Time": 0.567,
      "Value": "eyeblink,0.20,0.23,0.20"
    }
  ]
}