{
  "Version": 3,
  "Meta": {
    "Duration": 2.533,
    "Fps": 60.0,
    "Loop": true,
    "AreBeziersRestricted": true,
    "CurveCount": 71,
    "UserDataCount": 2,
    "TotalSegmentCount": 203,
    "TotalPointCount": 205,
    "TotalUserDataSize": 43
  },
  "Curves": [
    {
      "Target": "Parameter",
      "Id": "ParamArmR8",
      "Segments": [
        0,
        -25,
        1,
        0.217,
        -4.667,
        0.433,
        36,
        0.65,
        36,
        0,
        1.4,
        23,
        2,
        2.533,
        23
      ]
    },
    {
      "Target": "Parameter",
      "Id": "ParamAngleX",
      "Segments": [
        0,
        0,
        0,
        0.15,
        0,
        0,
        0.517,
        5,
        0,
        1.117,
        -5,
        2,
        2.533,
        -5
      ]
    },
    {
      "Target": "Parameter",
      "Id": "ParamAngleY",
      "Segments": [
        0,
        0,
        0,
        0.15,
        0,
        0,
        0.517,
        5,
        0,
        1.117,
        0,
        2,
        2.533,
        0
      ]
    },
    {
      "Target": "Parameter",
      "Id": "ParamAngleZ",
      "Segments": [
        0,
        -9,
        0,
        0.15,
        -9,
        0,
        0.633,
        -3,
        0,
        1.333,
        -21,
        2,
        2.533,
        -21
      ]
    },
    {
      "Target": "Parameter",
      "Id": "ParamEyeROpen",
      "Segments": [
        0,
        1,
        0,
        0.367,
        0,
        0,
        0.817,
        1,
        2,
        2.533,
        1
      ]
    },
    {
      "Target": "Parameter",
      "Id": "ParamEyeLOpen",
      "Segments": [
        0,
        1,
        0,
        0.367,
        0,
        0,
        0.817,
        1,
        2,
        2.533,
        1
      ]
    },
    {
      "Target": "Parameter",
      "Id": "ParamEyeballX",
      "Segments": [
        0,
        0,
        0,
        0.367,
        0,
        0,
        1.05,
        0.1,
        2,
        1.683,
        0.1,
        2,
        2.533,
        0.1
      ]
    },
    {
      "Target": "Parameter",
      "Id": "ParamBodyAngleX",
      "Segments": [
        0,
        6,
        0,
        0.4,
        10,
        0,
        1.083,
        -2,
        2,
        2.533,
        -2
      ]
    },
    {
      "Target": "Parameter",
      "Id": "ParamBodyAngleY",
      "Segments": [
        0,
        0,
        0,
        0.4,
        3,
        0,
        1.083,
        0,
        2,
        2.533,
        0
      ]
    },
    {
      "Target": "Parameter",
      "Id": "ParamBodyAngleZ",
      "Segments": [
        0,
        -2,
        0,
        1.217,
        -3,
        2,
        2.533,
        -3
      ]
    },
    {
      "Target": "Parameter",
      "Id": "ParamUpperBodyZ",
      "Segments": [
        0,
        6,
        0,
        0.35,
        8,
        0,
        1.217,
        7,
        2,
        2.533,
        7
      ]
    },
    {
      "Target": "Parameter",
      "Id": "ParamLegRZ",
      "Segments": [
        0,
        1,
        0,
        1.217,
        2,
        2,
        2.533,
        2
      ]
    },
    {
      "Target": "Parameter",
      "Id": "ParamShoulderR",
      "Segments": [
        0,
        3,
        0,
        0.4,
        5,
        0,
        1.033,
        1,
        2,
        2.533,
        1
      ]
    },
    {
      "Target": "Parameter",
      "Id": "ParamArmR1",
      "Segments": [
        0,
        -44,
        0,
        0.483,
        -39,
        2,
        1.117,
        -39,
        2,
        2.533,
        -39
      ]
    },
    {
      "Target": "Parameter",
      "Id": "ParamArmR2",
      "Segments": [
        0,
        21,
        0,
        0.6,
        43,
        0,
        1.233,
        41,
        2,
        2.533,
        41
      ]
    },
    {
      "Target": "Parameter",
      "Id": "ParamArmR3",
      "Segments": [
        0,
        -23,
        0,
        0.65,
        31,
        0,
        1.283,
        21,
        2,
        2.533,
        21
      ]
    },
    {
      "Target": "Parameter",
      "Id": "ParamArmR4",
      "Segments": [
        0,
        5,
        0,
        0.6,
        16,
        2,
        1.233,
        16,
        2,
        2.533,
        16
      ]
    },
    {
      "Target": "Parameter",
      "Id": "ParamArmR5",
      "Segments": [
        0,
        3,
        0,
        0.717,
        8,
        2,
        1.35,
        8,
        2,
        2.533,
        8
      ]
    },
    {
      "Target": "Parameter",
      "Id": "ParamFingerR",
      "Segments": [
        0,
        0,
        0,
        0.717,
        8,
        0,
        1.25,
        -4,
        0,
        1.85,
        0,
        2,
        2.533,
        0
      ]
    },
    {
      "Target": "Parameter",
      "Id": "ParamShoulderL",
      "Segments": [
        0,
        0,
        0,
        0.433,
        8,
        0,
        0.983,
        4,
        0,
        1.517,
        6,
        2,
        2.533,
        6
      ]
    },
    {
      "Target": "Parameter",
      "Id": "ParamArmL1",
      "Segments": [
        0,
        -41,
        0,
        0.433,
        -19,
        0,
        1.033,
        -43,
        0,
        1.567,
        -37,
        2,
        2.533,
        -37
      ]
    },
    {
      "Target": "Parameter",
      "Id": "ParamArmL2",
      "Segments": [
        0,
        1,
        0,
        0.517,
        -2,
        0,
        1.683,
        -1,
        2,
        2.533,
        -1
      ]
    },
    {
      "Target": "Parameter",
      "Id": "ParamArmL3",
      "Segments": [
        0,
        4,
        0,
        1.733,
        -18,
        2,
        2.533,
        -18
      ]
    },
    {
      "Target": "Parameter",
      "Id": "ParamArmL4",
      "Segments": [
        0,
        0,
        0,
        0.433,
        5,
        0,
        1.033,
        0,
        2,
        2.533,
        0
      ]
    },
    {
      "Target": "Parameter",
      "Id": "ParamArmL6",
      "Segments": [
        0,
        1,
        0,
        0.417,
        1,
        0,
        0.433,
        0,
        2,
        2.533,
        0
      ]
    },
    {
      "Target": "Parameter",
      "Id": "ParamHandLA",
      "Segments": [
        0,
        0,
        0,
        0.9,
        0,
        0,
        0.917,
        1,
        2,
        2.533,
        1
      ]
    },
    {
      "Target": "Parameter",
      "Id": "ParamHandLG",
      "Segments": [
        0,
        1,
        0,
        0.9,
        1,
        0,
        0.917,
        0,
        2,
        2.533,
        0
      ]
    },
    {
      "Target": "Parameter",
      "Id": "ParamFingerL",
      "Segments": [
        0,
        0,
        0,
        0.583,
        -5,
        0,
        1.367,
        7,
        0,
        2.117,
        0,
        2,
        2.533,
        0
      ]
    },
    {
      "Target": "Parameter",
      "Id": "ParamArmL8",
      "Segments": [
        0,
        0,
        0,
        2.533,
        0
      ]
    },
    {
      "Target": "Parameter",
      "Id": "ParamArmL7",
      "Segments": [
        0,
        4,
        0,
        2.533,
        4
      ]
    },
    {
      "Target": "Parameter",
      "Id": "ParamArmR7",
      "Segments": [
        0,
        3,
        0,
        2.533,
        3
      ]
    },
    {
      "Target": "Parameter",
      "Id": "ParamHandRL",
      "Segments": [
        0,
        0,
        0,
        2.533,
        0
      ]
    },
    {
      "Target": "Parameter",
      "Id": "ParamHandRM",
      "Segments": [
        0,
        0,
        0,
        2.533,
        0
      ]
    },
    {
      "Target": "Parameter",
      "Id": "ParamHandRN",
      "Segments": [
        0,
        0,
        0,
        2.533,
        0
      ]
    },
    {
      "Target": "Parameter",
      "Id": "ParamHandRO",
      "Segments": [
        0,
        0,
        0,
        2.533,
        0
      ]
    },
    {
      "Target": "Parameter",
      "Id": "ParamHandRP",
      "Segments": [
        0,
        0,
        0,
        2.533,
        0
      ]
    },
    {
      "Target": "Parameter",
      "Id": "ParamHandLL",
      "Segments": [
        0,
        0,
        0,
        2.533,
        0
      ]
    },
    {
      "Target": "Parameter",
      "Id": "ParamHandLM",
      "Segments": [
        0,
        0,
        0,
        2.533,
        0
      ]
    },
    {
      "Target": "Parameter",
      "Id": "ParamHandLN",
      "Segments": [
        0,
        0,
        0,
        2.533,
        0
      ]
    },
    {
      "Target": "Parameter",
      "Id": "ParamHandLO",
      "Segments": [
        0,
        0,
        0,
        2.533,
        0
      ]
    },
    {
      "Target": "Parameter",
      "Id": "ParamHandLP",
      "Segments": [
        0,
        0,
        0,
        2.533,
        0
      ]
    },
    {
      "Target": "Parameter",
      "Id": "ParamPositionX",
      "Segments": [
        0,
        0,
        0,
        2.533,
        0
      ]
    },
    {
      "Target": "Parameter",
      "Id": "ParamPositionY",
      "Segments": [
        0,
        0,
        0,
        2.533,
        0
      ]
    },
    {
      "Target": "Parameter",
      "Id": "ParamRotationZ",
      "Segments": [
        0,
        0,
        0,
        2.533,
        0
      ]
    },
    {
      "Target": "Parameter",
      "Id": "ParamUpperBody",
      "Segments": [
        0,
        0,
        0,
        2.533,
        0
      ]
    },
    {
      "Target": "Parameter",
      "Id": "ParamBreath",
      "Segments": [
        0,
        0,
        0,
        2.533,
        0
      ]
    },
    {
      "Target": "Parameter",
      "Id": "ParamLegLZ",
      "Segments": [
        0,
        0,
        0,
        2.533,
        0
      ]
    },
    {
      "Target": "Parameter",
      "Id": "ParamArmR6",
      "Segments": [
        0,
        1.1,
        0,
        2.533,
        1.1
      ]
    },
    {
      "Target": "Parameter",
      "Id": "ParamArmR9",
      "Segments": [
        0,
        0.7,
        0,
        2.533,
        0.7
      ]
    },
    {
      "Target": "Parameter",
      "Id": "ParamHandRA",
      "Segments": [
        0,
        0,
        0,
        2.533,
        0
      ]
    },
    {
      "Target": "Parameter",
      "Id": "ParamHandRB",
      "Segments": [
        0,
        0,
        0,
        2.533,
        0
      ]
    },
    {
      "Target": "Parameter",
      "Id": "ParamHandRC",
      "Segments": [
        0,
        0,
        0,
        2.533,
        0
      ]
    },
    {
      "Target": "Parameter",
      "Id": "ParamHandRD",
      "Segments": [
        0,
        1,
        0,
        2.533,
        1
      ]
    },
    {
      "Target": "Parameter",
      "Id": "ParamHandRE",
      "Segments": [
        0,
        0,
        0,
        2.533,
        0
      ]
    },
    {
      "Target": "Parameter",
      "Id": "ParamHandRF",
      "Segments": [
        0,
        0,
        0,
        2.533,
        0
      ]
    },
    {
      "Target": "Parameter",
      "Id": "ParamHandRG",
      "Segments": [
        0,
        0,
        0,
        2.533,
        0
      ]
    },
    {
      "Target": "Parameter",
      "Id": "ParamHandRH",
      "Segments": [
        0,
        0,
        0,
        2.533,
        0
      ]
    },
    {
      "Target": "Parameter",
      "Id": "ParamHandRI",
      "Segments": [
        0,
        0,
        0,
        2.533,
        0
      ]
    },
    {
      "Target": "Parameter",
      "Id": "ParamHandRJ",
      "Segments": [
        0,
        0,
        0,
        2.533,
        0
      ]
    },
    {
      "Target": "Parameter",
      "Id": "ParamHandRK",
      "Segments": [
        0,
        0,
        0,
        2.533,
        0
      ]
    },
    {
      "Target": "Parameter",
      "Id": "ParamArmL5",
      "Segments": [
        0,
        0,
        0,
        2.533,
        0
      ]
    },
    {
      "Target": "Parameter",
      "Id": "ParamArmL9",
      "Segments": [
        0,
        -0.2,
        0,
        2.533,
        -0.2
      ]
    },
    {
      "Target": "Parameter",
      "Id": "ParamHandLB",
      "Segments": [
        0,
        0,
        0,
        2.533,
        0
      ]
    },
    {
      "Target": "Parameter",
      "Id": "ParamHandLC",
      "Segments": [
        0,
        0,
        0,
        2.533,
        0
      ]
    },
    {
      "Target": "Parameter",
      "Id": "ParamHandLD",
      "Segments": [
        0,
        0,
        0,
        2.533,
        0
      ]
    },
    {
      "Target": "Parameter",
      "Id": "ParamHandLE",
      "Segments": [
        0,
        0,
        0,
        2.533,
        0
      ]
    },
    {
      "Target": "Parameter",
      "Id": "ParamHandLF",
      "Segments": [
        0,
        0,
        0,
        2.533,
        0
      ]
    },
    {
      "Target": "Parameter",
      "Id": "ParamHandLH",
      "Segments": [
        0,
        0,
        0,
        2.533,
        0
      ]
    },
    {
      "Target": "Parameter",
      "Id": "ParamHandLI",
      "Segments": [
        0,
        0,
        0,
        2.533,
        0
      ]
    },
    {
      "Target": "Parameter",
      "Id": "ParamHandLJ",
      "Segments": [
        0,
        0,
        0,
        2.533,
        0
      ]
    },
    {
      "Target": "Parameter",
      "Id": "ParamHandLK",
      "Segments": [
        0,
        0,
        0,
        2.533,
        0
      ]
    }
  ],
  "UserData": [
    {
      "Time": 0,
      "Value": "eyeblink,0.3,0.0,0.6"
    },
    {
      "Time": 0.833,
      "Value": "eyeblink,0.12,0.05,0.17"
    }
  ]
}