{
  "Version": 3,
  "Meta": {
    "Duration": 3.733,
    "Fps": 60.0,
    "Loop": true,
    "AreBeziersRestricted": true,
    "CurveCount": 69,
    "UserDataCount": 2,
    "TotalSegmentCount": 246,
    "TotalPointCount": 256,
    "TotalUserDataSize": 41
  },
  "Curves": [
    {
      "Target": "Parameter",
      "Id": "ParamArmL8",
      "Segments": [
        0,
        -39,
        0,
        0.633,
        -25,
        0,
        1.183,
        -40,
        2,
        3.733,
        -40
      ]
    },
    {
      "Target": "Parameter",
      "Id": "ParamArmR8",
      "Segments": [
        0,
        -40,
        0,
        0.633,
        -29,
        0,
        1.183,
        -40,
        2,
        3.733,
        -40
      ]
    },
    {
      "Target": "Parameter",
      "Id": "ParamPositionY",
      "Segments": [
        0,
        0,
        0,
        0.333,
        1,
        0,
        0.817,
        -1,
        0,
        1.333,
        0,
        2,
        3.733,
        0
      ]
    },
    {
      "Target": "Parameter",
      "Id": "ParamAngleX",
      "Segments": [
        0,
        0,
        0,
        0.083,
        0,
        0,
        0.417,
        11,
        0,
        0.9,
        -15,
        0,
        1.4,
        14,
        0,
        1.933,
        -15,
        0,
        2.533,
        3,
        2,
        3.733,
        3
      ]
    },
    {
      "Target": "Parameter",
      "Id": "ParamAngleY",
      "Segments": [
        0,
        0,
        0,
        0.117,
        0,
        0,
        0.45,
        11,
        0,
        0.933,
        -22,
        1,
        1.105,
        -22,
        1.278,
        -20.05,
        1.45,
        -18,
        1,
        1.622,
        -15.95,
        1.795,
        -14.289,
        1.967,
        -13,
        1,
        2.178,
        -11.42,
        2.389,
        -11.0,
        2.6,
        -11,
        2,
        3.733,
        -11
      ]
    },
    {
      "Target": "Parameter",
      "Id": "ParamAngleZ",
      "Segments": [
        0,
        0,
        0,
        0.15,
        0,
        0,
        0.483,
        10,
        0,
        0.967,
        -7,
        0,
        1.483,
        2,
        0,
        1.983,
        -3,
        0,
        2.633,
        -1,
        2,
        3.733,
        -1
      ]
    },
    {
      "Target": "Parameter",
      "Id": "ParamEyeROpen",
      "Segments": [
        0,
        1,
        0,
        0.05,
        1,
        0,
        0.25,
        0,
        0,
        0.483,
        1,
        2,
        1.1,
        1,
        0,
        1.3,
        0,
        2,
        1.383,
        0,
        0,
        1.617,
        1,
        2,
        3.733,
        1
      ]
    },
    {
      "Target": "Parameter",
      "Id": "ParamEyeLOpen",
      "Segments": [
        0,
        1,
        0,
        0.05,
        1,
        0,
        0.25,
        0,
        0,
        0.483,
        1,
        2,
        1.1,
        1,
        0,
        1.3,
        0,
        2,
        1.383,
        0,
        0,
        1.617,
        1,
        2,
        3.733,
        1
      ]
    },
    {
      "Target": "Parameter",
      "Id": "ParamBodyAngleX",
      "Segments": [
        0,
        0,
        0,
        0.333,
        3,
        0,
        0.817,
        -4,
        0,
        1.317,
        4,
        0,
        1.8,
        -4,
        0,
        2.317,
        1,
        2,
        3.733,
        1
      ]
    },
    {
      "Target": "Parameter",
      "Id": "ParamBodyAngleY",
      "Segments": [
        0,
        0,
        0,
        0.333,
        0,
        0,
        0.817,
        -3,
        0,
        1.333,
        0,
        2,
        3.733,
        0
      ]
    },
    {
      "Target": "Parameter",
      "Id": "ParamUpperBodyZ",
      "Segments": [
        0,
        -3,
        0,
        0.333,
        -2,
        0,
        0.817,
        -3,
        2,
        3.733,
        -3
      ]
    },
    {
      "Target": "Parameter",
      "Id": "ParamBreath",
      "Segments": [
        0,
        0,
        0,
        0.333,
        0.8,
        1,
        0.494,
        0.8,
        0.656,
        0.537,
        0.817,
        0.3,
        1,
        0.989,
        0.046,
        1.161,
        -0.0,
        1.333,
        0,
        2,
        3.733,
        0
      ]
    },
    {
      "Target": "Parameter",
      "Id": "ParamShoulderR",
      "Segments": [
        0,
        0,
        0,
        0.05,
        0,
        0,
        0.433,
        5,
        0,
        0.933,
        -1,
        0,
        1.467,
        0,
        0,
        2.067,
        -1,
        2,
        3.733,
        -1
      ]
    },
    {
      "Target": "Parameter",
      "Id": "ParamArmR1",
      "Segments": [
        0,
        -36,
        0,
        0.133,
        -36,
        0,
        0.517,
        -32,
        0,
        1.017,
        -37,
        0,
        1.55,
        -36,
        0,
        2.15,
        -37,
        2,
        3.733,
        -37
      ]
    },
    {
      "Target": "Parameter",
      "Id": "ParamArmR2",
      "Segments": [
        0,
        43,
        0,
        0.217,
        43,
        0,
        0.6,
        44,
        0,
        1.1,
        42,
        0,
        1.633,
        43,
        2,
        2.233,
        43,
        2,
        3.733,
        43
      ]
    },
    {
      "Target": "Parameter",
      "Id": "ParamArmR3",
      "Segments": [
        0,
        -36,
        0,
        0.3,
        -36,
        0,
        0.683,
        -19,
        0,
        1.183,
        -40,
        0,
        1.717,
        -36,
        0,
        2.317,
        -40,
        2,
        3.733,
        -40
      ]
    },
    {
      "Target": "Parameter",
      "Id": "ParamArmR4",
      "Segments": [
        0,
        4,
        0,
        0.133,
        4,
        0,
        0.517,
        8,
        0,
        1.017,
        4,
        0,
        1.55,
        6,
        0,
        2.15,
        4,
        2,
        3.733,
        4
      ]
    },
    {
      "Target": "Parameter",
      "Id": "ParamFingerR",
      "Segments": [
        0,
        0,
        0,
        0.45,
        8,
        0,
        1.033,
        -6,
        0,
        1.5,
        0,
        2,
        3.733,
        0
      ]
    },
    {
      "Target": "Parameter",
      "Id": "ParamShoulderL",
      "Segments": [
        0,
        0,
        0,
        0.033,
        0,
        0,
        0.4,
        6,
        0,
        0.917,
        -1,
        0,
        1.467,
        0,
        0,
        2.083,
        -1,
        2,
        3.733,
        -1
      ]
    },
    {
      "Target": "Parameter",
      "Id": "ParamArmL1",
      "Segments": [
        0,
        -36,
        0,
        0.117,
        -36,
        0,
        0.483,
        -32,
        0,
        1,
        -37,
        0,
        1.55,
        -36,
        0,
        2.167,
        -37,
        2,
        3.733,
        -37
      ]
    },
    {
      "Target": "Parameter",
      "Id": "ParamArmL2",
      "Segments": [
        0,
        42,
        0,
        0.183,
        42,
        0,
        0.55,
        43,
        0,
        1.067,
        41,
        0,
        1.617,
        42,
        2,
        2.233,
        42,
        2,
        3.733,
        42
      ]
    },
    {
      "Target": "Parameter",
      "Id": "ParamArmL3",
      "Segments": [
        0,
        -36,
        0,
        0.25,
        -36,
        0,
        0.617,
        -19,
        0,
        1.133,
        -40,
        0,
        1.683,
        -36,
        0,
        2.3,
        -40,
        2,
        3.733,
        -40
      ]
    },
    {
      "Target": "Parameter",
      "Id": "ParamArmL4",
      "Segments": [
        0,
        4,
        0,
        0.117,
        4,
        0,
        0.483,
        8,
        0,
        1,
        4,
        0,
        1.55,
        6,
        0,
        2.167,
        4,
        2,
        3.733,
        4
      ]
    },
    {
      "Target": "Parameter",
      "Id": "ParamFingerL",
      "Segments": [
        0,
        0,
        0,
        0.45,
        8,
        0,
        1.033,
        -6,
        0,
        1.5,
        0,
        2,
        3.733,
        0
      ]
    },
    {
      "Target": "Parameter",
      "Id": "ParamArmL7",
      "Segments": [
        0,
        4,
        0,
        3.733,
        4
      ]
    },
    {
      "Target": "Parameter",
      "Id": "ParamArmR7",
      "Segments": [
        0,
        5,
        0,
        3.733,
        5
      ]
    },
    {
      "Target": "Parameter",
      "Id": "ParamHandRL",
      "Segments": [
        0,
        0,
        0,
        3.733,
        0
      ]
    },
    {
      "Target": "Parameter",
      "Id": "ParamHandRM",
      "Segments": [
        0,
        0,
        0,
        3.733,
        0
      ]
    },
    {
      "Target": "Parameter",
      "Id": "ParamHandRN",
      "Segments": [
        0,
        0,
        0,
        3.733,
        0
      ]
    },
    {
      "Target": "Parameter",
      "Id": "ParamHandRO",
      "Segments": [
        0,
        0,
        0,
        3.733,
        0
      ]
    },
    {
      "Target": "Parameter",
      "Id": "ParamHandRP",
      "Segments": [
        0,
        0,
        0,
        3.733,
        0
      ]
    },
    {
      "Target": "Parameter",
      "Id": "ParamHandLL",
      "Segments": [
        0,
        0,
        0,
        3.733,
        0
      ]
    },
    {
      "Target": "Parameter",
      "Id": "ParamHandLM",
      "Segments": [
        0,
        0,
        0,
        3.733,
        0
      ]
    },
    {
      "Target": "Parameter",
      "Id": "ParamHandLN",
      "Segments": [
        0,
        0,
        0,
        3.733,
        0
      ]
    },
    {
      "Target": "Parameter",
      "Id": "ParamHandLO",
      "Segments": [
        0,
        0,
        0,
        3.733,
        0
      ]
    },
    {
      "Target": "Parameter",
      "Id": "ParamHandLP",
      "Segments": [
        0,
        0,
        0,
        3.733,
        0
      ]
    },
    {
      "Target": "Parameter",
      "Id": "ParamPositionX",
      "Segments": [
        0,
        0,
        0,
        3.733,
        0
      ]
    },
    {
      "Target": "Parameter",
      "Id": "ParamRotationZ",
      "Segments": [
        0,
        0,
        0,
        3.733,
        0
      ]
    },
    {
      "Target": "Parameter",
      "Id": "ParamEyeballX",
      "Segments": [
        0,
        0,
        0,
        3.733,
        0
      ]
    },
    {
      "Target": "Parameter",
      "Id": "ParamBodyAngleZ",
      "Segments": [
        0,
        2,
        0,
        3.733,
        2
      ]
    },
    {
      "Target": "Parameter",
      "Id": "ParamUpperBody",
      "Segments": [
        0,
        0,
        0,
        3.733,
        0
      ]
    },
    {
      "Target": "Parameter",
      "Id": "ParamLegLZ",
      "Segments": [
        0,
        3,
        0,
        3.733,
        3
      ]
    },
    {
      "Target": "Parameter",
      "Id": "ParamLegRZ",
      "Segments": [
        0,
        -2,
        0,
        3.733,
        -2
      ]
    },
    {
      "Target": "Parameter",
      "Id": "ParamArmR5",
      "Segments": [
        0,
        8,
        0,
        3.733,
        8
      ]
    },
    {
      "Target": "Parameter",
      "Id": "ParamArmR6",
      "Segments": [
        0,
        1,
        0,
        3.733,
        1
      ]
    },
    {
      "Target": "Parameter",
      "Id": "ParamHandRA",
      "Segments": [
        0,
        0,
        0,
        3.733,
        0
      ]
    },
    {
      "Target": "Parameter",
      "Id": "ParamHandRB",
      "Segments": [
        0,
        0,
        0,
        3.733,
        0
      ]
    },
    {
      "Target": "Parameter",
      "Id": "ParamHandRC",
      "Segments": [
        0,
        0,
        0,
        3.733,
        0
      ]
    },
    {
      "Target": "Parameter",
      "Id": "ParamHandRD",
      "Segments": [
        0,
        1,
        0,
        3.733,
        1
      ]
    },
    {
      "Target": "Parameter",
      "Id": "ParamHandRE",
      "Segments": [
        0,
        0,
        0,
        3.733,
        0
      ]
    },
    {
      "Target": "Parameter",
      "Id": "ParamHandRF",
      "Segments": [
        0,
        0,
        0,
        3.733,
        0
      ]
    },
    {
      "Target": "Parameter",
      "Id": "ParamHandRG",
      "Segments": [
        0,
        0,
        0,
        3.733,
        0
      ]
    },
    {
      "Target": "Parameter",
      "Id": "ParamHandRH",
      "Segments": [
        0,
        0,
        0,
        3.733,
        0
      ]
    },
    {
      "Target": "Parameter",
      "Id": "ParamHandRI",
      "Segments": [
        0,
        0,
        0,
        3.733,
        0
      ]
    },
    {
      "Target": "Parameter",
      "Id": "ParamHandRJ",
      "Segments": [
        0,
        0,
        0,
        3.733,
        0
      ]
    },
    {
      "Target": "Parameter",
      "Id": "ParamHandRK",
      "Segments": [
        0,
        0,
        0,
        3.733,
        0
      ]
    },
    {
      "Target": "Parameter",
      "Id": "ParamArmL5",
      "Segments": [
        0,
        6,
        0,
        3.733,
        6
      ]
    },
    {
      "Target": "Parameter",
      "Id": "ParamArmL6",
      "Segments": [
        0,
        1,
        0,
        3.733,
        1
      ]
    },
    {
      "Target": "Parameter",
      "Id": "ParamHandLA",
      "Segments": [
        0,
        0,
        0,
        3.733,
        0
      ]
    },
    {
      "Target": "Parameter",
      "Id": "ParamHandLB",
      "Segments": [
        0,
        0,
        0,
        3.733,
        0
      ]
    },
    {
      "Target": "Parameter",
      "Id": "ParamHandLC",
      "Segments": [
        0,
        0,
        0,
        3.733,
        0
      ]
    },
    {
      "Target": "Parameter",
      "Id": "ParamHandLD",
      "Segments": [
        0,
        1,
        0,
        3.733,
        1
      ]
    },
    {
      "Target": "Parameter",
      "Id": "ParamHandLE",
      "Segments": [
        0,
        0,
        0,
        3.733,
        0
      ]
    },
    {
      "Target": "Parameter",
      "Id": "ParamHandLF",
      "Segments": [
        0,
        0,
        0,
        3.733,
        0
      ]
    },
    {
      "Target": "Parameter",
      "Id": "ParamHandLG",
      "Segments": [
        0,
        0,
        0,
        3.733,
        0
      ]
    },
    {
      "Target": "Parameter",
      "Id": "ParamHandLH",
      "Segments": [
        0,
        0,
        0,
        3.733,
        0
      ]
    },
    {
      "Target": "Parameter",
      "Id": "ParamHandLI",
      "Segments": [
        0,
        0,
        0,
        3.733,
        0
      ]
    },
    {
      "Target": "Parameter",
      "Id": "ParamHandLJ",
      "Segments": [
        0,
        0,
        0,
        3.733,
        0
      ]
    },
    {
      "Target": "Parameter",
      "Id": "ParamHandLK",
      "Segments": [
        0,
        0,
        0,
        3.733,
        0
      ]
    }
  ],
  "UserData": [
    {
      "Time": 0.05,
      "Value": "eyeblink,0.27,0,0.3"
    },
    {
      "Time": 1.1,
      "Value": "eyeblink,0.2,0.09,0.24"
    }
  ]
}