{
  "Version": 3,
  "Meta": {
    "Duration": 2.6,
    "Fps": 60.0,
    "Loop": true,
    "AreBeziersRestricted": true,
    "CurveCount": 74,
    "UserDataCount": 1,
    "TotalSegmentCount": 248,
    "TotalPointCount": 296,
    "TotalUserDataSize": 16
  },
  "Curves": [
    {
      "Target": "Parameter",
      "Id": "ParamPositionY",
      "Segments": [
        0,
        0,
        0,
        0.133,
        0,
        0,
        0.383,
        -2,
        2,
        2.6,
        -2
      ]
    },
    {
      "Target": "Parameter",
      "Id": "ParamAngleX",
      "Segments": [
        0,
        -6,
        0,
        0.133,
        -6,
        0,
        0.45,
        5,
        0,
        1.167,
        -1,
        0,
        1.683,
        0,
        2,
        2.6,
        0
      ]
    },
    {
      "Target": "Parameter",
      "Id": "ParamAngleY",
      "Segments": [
        0,
        -18,
        0,
        0.133,
        -18,
        0,
        0.3,
        17,
        0,
        0.933,
        -17,
        1,
        1.022,
        -17,
        1.111,
        -16.95,
        1.2,
        -14.506,
        1,
        1.256,
        -12.979,
        1.311,
        5.145,
        1.367,
        5.145,
        1,
        1.439,
        5.145,
        1.511,
        -0.087,
        1.583,
        -3.373,
        1,
        1.728,
        -9.947,
        1.872,
        -11.629,
        2.017,
        -11.629,
        2,
        2.6,
        -11.629
      ]
    },
    {
      "Target": "Parameter",
      "Id": "ParamAngleZ",
      "Segments": [
        0,
        2,
        0,
        0.133,
        2,
        0,
        0.4,
        -5,
        0,
        1.05,
        14,
        0,
        1.733,
        12,
        2,
        2.6,
        12
      ]
    },
    {
      "Target": "Parameter",
      "Id": "ParamEyeROpen",
      "Segments": [
        0,
        1,
        0,
        0.133,
        1,
        1,
        0.289,
        1,
        0.444,
        0.982,
        0.6,
        0.8,
        1,
        0.667,
        0.722,
        0.733,
        -0.0,
        0.8,
        0,
        2,
        1.167,
        0,
        2,
        2.6,
        0
      ]
    },
    {
      "Target": "Parameter",
      "Id": "ParamEyeLOpen",
      "Segments": [
        0,
        1,
        0,
        0.133,
        1,
        1,
        0.289,
        1,
        0.444,
        0.982,
        0.6,
        0.8,
        1,
        0.667,
        0.722,
        0.733,
        -0.0,
        0.8,
        0,
        2,
        1.167,
        0,
        2,
        2.6,
        0
      ]
    },
    {
      "Target": "Parameter",
      "Id": "ParamBodyAngleX",
      "Segments": [
        0,
        1,
        0,
        0.133,
        1,
        0,
        0.25,
        4,
        0,
        0.867,
        -2,
        2,
        2.6,
        -2
      ]
    },
    {
      "Target": "Parameter",
      "Id": "ParamBodyAngleY",
      "Segments": [
        0,
        0,
        0,
        0.133,
        0,
        0,
        0.35,
        4,
        2,
        1.217,
        4,
        0,
        1.45,
        5.578,
        0,
        1.6,
        4,
        2,
        2.6,
        4
      ]
    },
    {
      "Target": "Parameter",
      "Id": "ParamBodyAngleZ",
      "Segments": [
        0,
        4,
        0,
        0.133,
        4,
        0,
        0.3,
        1,
        0,
        0.8,
        4,
        2,
        2.6,
        4
      ]
    },
    {
      "Target": "Parameter",
      "Id": "ParamUpperBodyZ",
      "Segments": [
        0,
        -7,
        0,
        0.133,
        -7,
        0,
        0.3,
        -2,
        0,
        0.8,
        -5,
        2,
        2.6,
        -5
      ]
    },
    {
      "Target": "Parameter",
      "Id": "ParamUpperBody",
      "Segments": [
        0,
        0,
        0,
        0.133,
        0,
        0,
        0.333,
        -2,
        2,
        0.983,
        -2,
        0,
        1.45,
        -1,
        0,
        1.867,
        -2,
        2,
        2.6,
        -2
      ]
    },
    {
      "Target": "Parameter",
      "Id": "ParamLegLZ",
      "Segments": [
        0,
        5,
        0,
        0.133,
        5,
        0,
        0.333,
        3,
        0,
        0.95,
        4,
        2,
        2.6,
        4
      ]
    },
    {
      "Target": "Parameter",
      "Id": "ParamLegRZ",
      "Segments": [
        0,
        0,
        0,
        0.133,
        0,
        0,
        0.333,
        2,
        0,
        0.95,
        -1,
        2,
        2.6,
        -1
      ]
    },
    {
      "Target": "Parameter",
      "Id": "ParamShoulderR",
      "Segments": [
        0,
        0,
        0,
        0.133,
        0,
        0,
        0.383,
        7,
        0,
        0.5,
        3.855,
        2,
        0.65,
        3.855,
        1,
        0.711,
        3.855,
        0.772,
        5.844,
        0.833,
        7,
        1,
        0.961,
        9.418,
        1.089,
        10.0,
        1.217,
        10,
        1,
        1.278,
        10,
        1.339,
        10.0,
        1.4,
        9.795,
        1,
        1.467,
        9.56,
        1.533,
        9.048,
        1.6,
        9.048,
        2,
        2.6,
        9.048
      ]
    },
    {
      "Target": "Parameter",
      "Id": "ParamArmR1",
      "Segments": [
        0,
        -41,
        0,
        0.133,
        -41,
        0,
        0.283,
        -28,
        1,
        0.35,
        -28,
        0.416,
        -30.951,
        0.483,
        -31.324,
        1,
        0.728,
        -32.691,
        0.972,
        -33.0,
        1.217,
        -33,
        2,
        2.6,
        -33
      ]
    },
    {
      "Target": "Parameter",
      "Id": "ParamArmR2",
      "Segments": [
        0,
        42,
        0,
        0.133,
        42,
        0,
        0.317,
        45,
        1,
        0.434,
        45,
        0.55,
        42.206,
        0.667,
        42,
        1,
        0.889,
        41.608,
        1.111,
        41.6,
        1.333,
        41.6,
        2,
        2.6,
        41.6
      ]
    },
    {
      "Target": "Parameter",
      "Id": "ParamArmR3",
      "Segments": [
        0,
        40,
        0,
        0.133,
        40,
        1,
        0.205,
        40,
        0.278,
        31.895,
        0.35,
        31,
        1,
        0.439,
        29.899,
        0.528,
        30.0,
        0.617,
        30,
        1,
        0.672,
        30,
        0.728,
        29.814,
        0.783,
        31,
        1,
        0.844,
        32.305,
        0.906,
        40.0,
        0.967,
        40,
        2,
        1.383,
        40,
        2,
        2.6,
        40
      ]
    },
    {
      "Target": "Parameter",
      "Id": "ParamArmR5",
      "Segments": [
        0,
        0,
        0,
        0.133,
        0,
        1,
        0.216,
        0,
        0.3,
        3.707,
        0.383,
        5,
        1,
        0.455,
        6.12,
        0.528,
        6.0,
        0.6,
        6,
        1,
        0.656,
        5.967,
        0.711,
        4.63,
        0.767,
        4.335,
        1,
        0.95,
        3.222,
        1.134,
        3.019,
        1.317,
        3.019,
        2,
        2.6,
        3.019
      ]
    },
    {
      "Target": "Parameter",
      "Id": "ParamArmR7",
      "Segments": [
        0,
        2,
        0,
        0.133,
        2,
        0,
        0.35,
        5,
        2,
        2.6,
        5
      ]
    },
    {
      "Target": "Parameter",
      "Id": "ParamArmR8",
      "Segments": [
        0,
        -18,
        0,
        0.133,
        -18,
        0,
        0.35,
        19,
        0,
        0.817,
        13,
        2,
        2.6,
        13
      ]
    },
    {
      "Target": "Parameter",
      "Id": "ParamFingerR",
      "Segments": [
        0,
        0,
        0,
        0.133,
        0,
        0,
        0.4,
        10,
        0,
        0.917,
        -10,
        2,
        2.6,
        -10
      ]
    },
    {
      "Target": "Parameter",
      "Id": "ParamShoulderL",
      "Segments": [
        0,
        0,
        0,
        0.133,
        0,
        0,
        0.283,
        10,
        0,
        0.583,
        2,
        2,
        1.217,
        2,
        0,
        1.433,
        5.494,
        0,
        1.85,
        3.47,
        2,
        2.6,
        3.47
      ]
    },
    {
      "Target": "Parameter",
      "Id": "ParamArmL1",
      "Segments": [
        0,
        -41,
        0,
        0.133,
        -41,
        0,
        0.317,
        -32.97,
        0,
        0.7,
        -35.39,
        2,
        2.6,
        -35.39
      ]
    },
    {
      "Target": "Parameter",
      "Id": "ParamArmL2",
      "Segments": [
        0,
        6,
        0,
        0.133,
        6,
        0,
        0.433,
        5,
        0,
        1.133,
        7.21,
        2,
        2.6,
        7.21
      ]
    },
    {
      "Target": "Parameter",
      "Id": "ParamFingerL",
      "Segments": [
        0,
        0,
        0,
        0.133,
        0,
        0,
        0.4,
        5,
        0,
        0.983,
        -10,
        2,
        2.6,
        -10
      ]
    },
    {
      "Target": "Parameter",
      "Id": "ParamPositionX",
      "Segments": [
        0,
        -1,
        0,
        2.6,
        -1
      ]
    },
    {
      "Target": "Parameter",
      "Id": "ParamRotationZ",
      "Segments": [
        0,
        0,
        0,
        2.6,
        0
      ]
    },
    {
      "Target": "Parameter",
      "Id": "ParamBrowRX",
      "Segments": [
        0,
        0,
        0,
        2.6,
        0
      ]
    },
    {
      "Target": "Parameter",
      "Id": "ParamBrowRY",
      "Segments": [
        0,
        0,
        0,
        2.6,
        0
      ]
    },
    {
      "Target": "Parameter",
      "Id": "ParamBrowRAngle",
      "Segments": [
        0,
        0,
        0,
        2.6,
        0
      ]
    },
    {
      "Target": "Parameter",
      "Id": "ParamBrowRForm",
      "Segments": [
        0,
        1,
        0,
        2.6,
        1
      ]
    },
    {
      "Target": "Parameter",
      "Id": "ParamBrowLX",
      "Segments": [
        0,
        0,
        0,
        2.6,
        0
      ]
    },
    {
      "Target": "Parameter",
      "Id": "ParamBrowLY",
      "Segments": [
        0,
        0,
        0,
        2.6,
        0
      ]
    },
    {
      "Target": "Parameter",
      "Id": "ParamBrowLAngle",
      "Segments": [
        0,
        0,
        0,
        2.6,
        0
      ]
    },
    {
      "Target": "Parameter",
      "Id": "ParamBrowLForm",
      "Segments": [
        0,
        1,
        0,
        2.6,
        1
      ]
    },
    {
      "Target": "Parameter",
      "Id": "ParamEyeballX",
      "Segments": [
        0,
        0,
        0,
        2.6,
        0
      ]
    },
    {
      "Target": "Parameter",
      "Id": "ParamBreath",
      "Segments": [
        0,
        0,
        0,
        2.6,
        0
      ]
    },
    {
      "Target": "Parameter",
      "Id": "ParamArmR4",
      "Segments": [
        0,
        40,
        0,
        2.6,
        40
      ]
    },
    {
      "Target": "Parameter",
      "Id": "ParamArmR6",
      "Segments": [
        0,
        1.1,
        0,
        2.6,
        1.1
      ]
    },
    {
      "Target": "Parameter",
      "Id": "ParamArmR9",
      "Segments": [
        0,
        0.8,
        0,
        2.6,
        0.8
      ]
    },
    {
      "Target": "Parameter",
      "Id": "ParamHandRA",
      "Segments": [
        0,
        0,
        0,
        2.6,
        0
      ]
    },
    {
      "Target": "Parameter",
      "Id": "ParamHandRB",
      "Segments": [
        0,
        0,
        0,
        2.6,
        0
      ]
    },
    {
      "Target": "Parameter",
      "Id": "ParamHandRC",
      "Segments": [
        0,
        0,
        0,
        2.6,
        0
      ]
    },
    {
      "Target": "Parameter",
      "Id": "ParamHandRD",
      "Segments": [
        0,
        1,
        0,
        2.6,
        1
      ]
    },
    {
      "Target": "Parameter",
      "Id": "ParamHandRE",
      "Segments": [
        0,
        0,
        0,
        2.6,
        0
      ]
    },
    {
      "Target": "Parameter",
      "Id": "ParamHandRF",
      "Segments": [
        0,
        0,
        0,
        2.6,
        0
      ]
    },
    {
      "Target": "Parameter",
      "Id": "ParamHandRG",
      "Segments": [
        0,
        0,
        0,
        2.6,
        0
      ]
    },
    {
      "Target": "Parameter",
      "Id": "ParamHandRH",
      "Segments": [
        0,
        0,
        0,
        2.6,
        0
      ]
    },
    {
      "Target": "Parameter",
      "Id": "ParamHandRI",
      "Segments": [
        0,
        0,
        0,
        2.6,
        0
      ]
    },
    {
      "Target": "Parameter",
      "Id": "ParamHandRJ",
      "Segments": [
        0,
        0,
        0,
        2.6,
        0
      ]
    },
    {
      "Target": "Parameter",
      "Id": "ParamHandRK",
      "Segments": [
        0,
        0,
        0,
        2.6,
        0
      ]
    },
    {
      "Target": "Parameter",
      "Id": "ParamHandRL",
      "Segments": [
        0,
        0,
        0,
        2.6,
        0
      ]
    },
    {
      "Target": "Parameter",
      "Id": "ParamHandRM",
      "Segments": [
        0,
        0,
        0,
        2.6,
        0
      ]
    },
    {
      "Target": "Parameter",
      "Id": "ParamHandRN",
      "Segments": [
        0,
        0,
        0,
        2.6,
        0
      ]
    },
    {
      "Target": "Parameter",
      "Id": "ParamHandRO",
      "Segments": [
        0,
        0,
        0,
        2.6,
        0
      ]
    },
    {
      "Target": "Parameter",
      "Id": "ParamHandRP",
      "Segments": [
        0,
        0,
        0,
        2.6,
        0
      ]
    },
    {
      "Target": "Parameter",
      "Id": "ParamArmL3",
      "Segments": [
        0,
        18,
        0,
        2.6,
        18
      ]
    },
    {
      "Target": "Parameter",
      "Id": "ParamArmL4",
      "Segments": [
        0,
        18,
        0,
        2.6,
        18
      ]
    },
    {
      "Target": "Parameter",
      "Id": "ParamArmL5",
      "Segments": [
        0,
        3,
        0,
        2.6,
        3
      ]
    },
    {
      "Target": "Parameter",
      "Id": "ParamArmL6",
      "Segments": [
        0,
        1,
        0,
        2.6,
        1
      ]
    },
    {
      "Target": "Parameter",
      "Id": "ParamArmL7",
      "Segments": [
        0,
        4,
        0,
        2.6,
        4
      ]
    },
    {
      "Target": "Parameter",
      "Id": "ParamArmL8",
      "Segments": [
        0,
        0,
        0,
        2.6,
        0
      ]
    },
    {
      "Target": "Parameter",
      "Id": "ParamArmL9",
      "Segments": [
        0,
        0.7,
        0,
        2.6,
        0.7
      ]
    },
    {
      "Target": "Parameter",
      "Id": "ParamHandLA",
      "Segments": [
        0,
        0,
        0,
        2.6,
        0
      ]
    },
    {
      "Target": "Parameter",
      "Id": "ParamHandLB",
      "Segments": [
        0,
        0,
        0,
        2.6,
        0
      ]
    },
    {
      "Target": "Parameter",
      "Id": "ParamHandLC",
      "Segments": [
        0,
        0,
        0,
        2.6,
        0
      ]
    },
    {
      "Target": "Parameter",
      "Id": "ParamHandLD",
      "Segments": [
        0,
        0,
        0,
        2.6,
        0
      ]
    },
    {
      "Target": "Parameter",
      "Id": "ParamHandLE",
      "Segments": [
        0,
        0,
        0,
        2.6,
        0
      ]
    },
    {
      "Target": "Parameter",
      "Id": "ParamHandLF",
      "Segments": [
        0,
        0,
        0,
        2.6,
        0
      ]
    },
    {
      "Target": "Parameter",
      "Id": "ParamHandLG",
      "Segments": [
        0,
        1,
        0,
        2.6,
        1
      ]
    },
    {
      "Target": "Parameter",
      "Id": "ParamHandLH",
      "Segments": [
        0,
        0,
        0,
        2.6,
        0
      ]
    },
    {
      "Target": "Parameter",
      "Id": "ParamHandLI",
      "Segments": [
        0,
        0,
        0,
        2.6,
        0
      ]
    },
    {
      "Target": "Parameter",
      "Id": "ParamHandLJ",
      "Segments": [
        0,
        0,
        0,
        2.6,
        0
      ]
    },
    {
      "Target": "Parameter",
      "Id": "ParamHandLK",
      "Segments": [
        0,
        0,
        0,
        2.6,
        0
      ]
    }
  ],
  "UserData": [
    {
      "Time": 0.7,
      "Value": "eyeblink,0.2,0,0"
    }
  ]
}