{
  "Version": 3,
  "Meta": {
    "Duration": 3.967,
    "Fps": 60.0,
    "Loop": true,
    "AreBeziersRestricted": true,
    "CurveCount": 61,
    "UserDataCount": 0,
    "TotalSegmentCount": 205,
    "TotalPointCount": 221,
    "TotalUserDataSize": 0
  },
  "Curves": [
    {
      "Target": "Parameter",
      "Id": "ParamPositionX",
      "Segments": [
        0,
        0,
        0,
        0.483,
        -1,
        0,
        1.383,
        1,
        0,
        2.317,
        -1,
        0,
        3.217,
        0,
        2,
        3.967,
        0
      ]
    },
    {
      "Target": "Parameter",
      "Id": "ParamRotationZ",
      "Segments": [
        0,
        0,
        0,
        0.617,
        -1,
        0,
        1.55,
        1,
        0,
        2.483,
        -1,
        0,
        3.45,
        0,
        2,
        3.967,
        0
      ]
    },
    {
      "Target": "Parameter",
      "Id": "ParamAngleX",
      "Segments": [
        0,
        0,
        0,
        0.683,
        5,
        1,
        0.85,
        5,
        1.016,
        3.389,
        1.183,
        0,
        1,
        1.344,
        -3.276,
        1.506,
        -5.0,
        1.667,
        -5,
        1,
        1.867,
        -5,
        2.067,
        -3.426,
        2.267,
        0,
        1,
        2.456,
        3.235,
        2.644,
        5.0,
        2.833,
        5,
        0,
        3.333,
        -3,
        2,
        3.967,
        -3
      ]
    },
    {
      "Target": "Parameter",
      "Id": "ParamAngleY",
      "Segments": [
        0,
        0,
        0,
        0.45,
        16,
        0,
        0.9,
        -15,
        0,
        1.4,
        16,
        0,
        1.867,
        -15,
        0,
        2.417,
        15,
        0,
        2.917,
        -15,
        0,
        3.467,
        0,
        2,
        3.967,
        0
      ]
    },
    {
      "Target": "Parameter",
      "Id": "ParamAngleZ",
      "Segments": [
        0,
        2,
        0,
        0.533,
        -9,
        0,
        1.55,
        17,
        0,
        2.65,
        -10,
        0,
        3.6,
        10,
        2,
        3.967,
        10
      ]
    },
    {
      "Target": "Parameter",
      "Id": "ParamBodyAngleX",
      "Segments": [
        0,
        -2,
        0,
        0.8,
        2,
        0,
        1.817,
        -4,
        0,
        2.85,
        4,
        0,
        3.55,
        -2,
        2,
        3.967,
        -2
      ]
    },
    {
      "Target": "Parameter",
      "Id": "ParamBodyAngleY",
      "Segments": [
        0,
        0,
        0,
        0.517,
        3,
        0,
        1.017,
        0,
        0,
        1.567,
        3,
        0,
        2.083,
        0,
        0,
        2.617,
        3,
        0,
        3.117,
        0,
        2,
        3.967,
        0
      ]
    },
    {
      "Target": "Parameter",
      "Id": "ParamBodyAngleZ",
      "Segments": [
        0,
        2,
        0,
        0.617,
        1,
        1,
        0.784,
        1,
        0.95,
        1.141,
        1.117,
        2,
        1,
        1.311,
        3.003,
        1.506,
        4.0,
        1.7,
        4,
        1,
        1.867,
        4,
        2.033,
        2.864,
        2.2,
        2,
        1,
        2.372,
        1.107,
        2.545,
        1.0,
        2.717,
        1,
        0,
        3.217,
        2,
        2,
        3.967,
        2
      ]
    },
    {
      "Target": "Parameter",
      "Id": "ParamUpperBody",
      "Segments": [
        0,
        0,
        0,
        0.367,
        2,
        0,
        0.9,
        -4,
        0,
        1.4,
        0,
        0,
        1.917,
        -5,
        0,
        2.367,
        0,
        0,
        2.883,
        -5,
        0,
        3.367,
        0,
        2,
        3.967,
        0
      ]
    },
    {
      "Target": "Parameter",
      "Id": "ParamShoulderR",
      "Segments": [
        0,
        0,
        0,
        0.5,
        2,
        0,
        1.3,
        0,
        0,
        2.067,
        2,
        0,
        2.983,
        0,
        2,
        3.967,
        0
      ]
    },
    {
      "Target": "Parameter",
      "Id": "ParamArmR1",
      "Segments": [
        0,
        -37,
        0,
        0.633,
        -27,
        0,
        1.467,
        -32,
        0,
        2.3,
        -27,
        0,
        3.217,
        -37,
        2,
        3.967,
        -37
      ]
    },
    {
      "Target": "Parameter",
      "Id": "ParamArmR2",
      "Segments": [
        0,
        -1,
        0,
        0.783,
        -2,
        0,
        1.683,
        1,
        0,
        2.483,
        -1,
        2,
        3.367,
        -1,
        2,
        3.967,
        -1
      ]
    },
    {
      "Target": "Parameter",
      "Id": "ParamFingerR",
      "Segments": [
        0,
        0,
        0,
        0.833,
        5,
        0,
        1.75,
        0,
        0,
        2.633,
        5,
        0,
        3.367,
        0,
        2,
        3.967,
        0
      ]
    },
    {
      "Target": "Parameter",
      "Id": "ParamShoulderL",
      "Segments": [
        0,
        4,
        0,
        0.55,
        6,
        0,
        1.183,
        3,
        0,
        1.983,
        6,
        0,
        2.833,
        3,
        2,
        3.967,
        3
      ]
    },
    {
      "Target": "Parameter",
      "Id": "ParamArmL1",
      "Segments": [
        0,
        -38,
        0,
        0.583,
        -22,
        0,
        1.3,
        -38,
        0,
        2.2,
        -30,
        0,
        3,
        -34,
        2,
        3.967,
        -34
      ]
    },
    {
      "Target": "Parameter",
      "Id": "ParamArmL2",
      "Segments": [
        0,
        45,
        0,
        0.733,
        48,
        0,
        1.483,
        42,
        0,
        2.333,
        49,
        0,
        3.217,
        42,
        2,
        3.967,
        42
      ]
    },
    {
      "Target": "Parameter",
      "Id": "ParamArmL3",
      "Segments": [
        0,
        16,
        0,
        0.917,
        26,
        0,
        1.7,
        6,
        0,
        2.533,
        16,
        2,
        3.967,
        16
      ]
    },
    {
      "Target": "Parameter",
      "Id": "ParamFingerL",
      "Segments": [
        0,
        0,
        0,
        0.95,
        7,
        0,
        1.767,
        -5,
        0,
        2.65,
        6,
        0,
        3.467,
        -4,
        2,
        3.967,
        -4
      ]
    },
    {
      "Target": "Parameter",
      "Id": "ParamPositionY",
      "Segments": [
        0,
        0,
        0,
        3.967,
        0
      ]
    },
    {
      "Target": "Parameter",
      "Id": "ParamEyeROpen",
      "Segments": [
        0,
        1,
        0,
        3.967,
        1
      ]
    },
    {
      "Target": "Parameter",
      "Id": "ParamEyeLOpen",
      "Segments": [
        0,
        1,
        0,
        3.967,
        1
      ]
    },
    {
      "Target": "Parameter",
      "Id": "ParamEyeballX",
      "Segments": [
        0,
        0,
        0,
        3.967,
        0
      ]
    },
    {
      "Target": "Parameter",
      "Id": "ParamUpperBodyZ",
      "Segments": [
        0,
        -2,
        0,
        3.967,
        -2
      ]
    },
    {
      "Target": "Parameter",
      "Id": "ParamBreath",
      "Segments": [
        0,
        0,
        0,
        3.967,
        0
      ]
    },
    {
      "Target": "Parameter",
      "Id": "ParamLegLZ",
      "Segments": [
        0,
        4,
        0,
        3.967,
        4
      ]
    },
    {
      "Target": "Parameter",
      "Id": "ParamLegRZ",
      "Segments": [
        0,
        0,
        0,
        3.967,
        0
      ]
    },
    {
      "Target": "Parameter",
      "Id": "ParamArmR3",
      "Segments": [
        0,
        -35,
        0,
        3.967,
        -35
      ]
    },
    {
      "Target": "Parameter",
      "Id": "ParamArmR4",
      "Segments": [
        0,
        9,
        0,
        3.967,
        9
      ]
    },
    {
      "Target": "Parameter",
      "Id": "ParamArmR5",
      "Segments": [
        0,
        0,
        0,
        3.967,
        0
      ]
    },
    {
      "Target": "Parameter",
      "Id": "ParamArmR6",
      "Segments": [
        0,
        0,
        0,
        3.967,
        0
      ]
    },
    {
      "Target": "Parameter",
      "Id": "ParamArmR7",
      "Segments": [
        0,
        0,
        0,
        3.967,
        0
      ]
    },
    {
      "Target": "Parameter",
      "Id": "ParamArmR8",
      "Segments": [
        0,
        -36,
        0,
        3.967,
        -36
      ]
    },
    {
      "Target": "Parameter",
      "Id": "ParamArmR9",
      "Segments": [
        0,
        -0.8,
        0,
        3.967,
        -0.8
      ]
    },
    {
      "Target": "Parameter",
      "Id": "ParamHandRA",
      "Segments": [
        0,
        1,
        0,
        3.967,
        1
      ]
    },
    {
      "Target": "Parameter",
      "Id": "ParamHandRB",
      "Segments": [
        0,
        0,
        0,
        3.967,
        0
      ]
    },
    {
      "Target": "Parameter",
      "Id": "ParamHandRC",
      "Segments": [
        0,
        0,
        0,
        3.967,
        0
      ]
    },
    {
      "Target": "Parameter",
      "Id": "ParamHandRD",
      "Segments": [
        0,
        0,
        0,
        3.967,
        0
      ]
    },
    {
      "Target": "Parameter",
      "Id": "ParamHandRE",
      "Segments": [
        0,
        0,
        0,
        3.967,
        0
      ]
    },
    {
      "Target": "Parameter",
      "Id": "ParamHandRF",
      "Segments": [
        0,
        0,
        0,
        3.967,
        0
      ]
    },
    {
      "Target": "Parameter",
      "Id": "ParamHandRG",
      "Segments": [
        0,
        0,
        0,
        3.967,
        0
      ]
    },
    {
      "Target": "Parameter",
      "Id": "ParamHandRH",
      "Segments": [
        0,
        0,
        0,
        3.967,
        0
      ]
    },
    {
      "Target": "Parameter",
      "Id": "ParamHandRI",
      "Segments": [
        0,
        0,
        0,
        3.967,
        0
      ]
    },
    {
      "Target": "Parameter",
      "Id": "ParamHandRJ",
      "Segments": [
        0,
        0,
        0,
        3.967,
        0
      ]
    },
    {
      "Target": "Parameter",
      "Id": "ParamHandRK",
      "Segments": [
        0,
        0,
        0,
        3.967,
        0
      ]
    },
    {
      "Target": "Parameter",
      "Id": "ParamArmL4",
      "Segments": [
        0,
        0,
        0,
        3.967,
        0
      ]
    },
    {
      "Target": "Parameter",
      "Id": "ParamArmL5",
      "Segments": [
        0,
        11,
        0,
        3.967,
        11
      ]
    },
    {
      "Target": "Parameter",
      "Id": "ParamArmL6",
      "Segments": [
        0,
        1,
        0,
        3.967,
        1
      ]
    },
    {
      "Target": "Parameter",
      "Id": "ParamArmL7",
      "Segments": [
        0,
        8,
        0,
        3.967,
        8
      ]
    },
    {
      "Target": "Parameter",
      "Id": "ParamArmL8",
      "Segments": [
        0,
        20,
        0,
        3.967,
        20
      ]
    },
    {
      "Target": "Parameter",
      "Id": "ParamArmL9",
      "Segments": [
        0,
        0.7,
        0,
        3.967,
        0.7
      ]
    },
    {
      "Target": "Parameter",
      "Id": "ParamHandLA",
      "Segments": [
        0,
        0,
        0,
        3.967,
        0
      ]
    },
    {
      "Target": "Parameter",
      "Id": "ParamHandLB",
      "Segments": [
        0,
        0,
        0,
        3.967,
        0
      ]
    },
    {
      "Target": "Parameter",
      "Id": "ParamHandLC",
      "Segments": [
        0,
        0,
        0,
        3.967,
        0
      ]
    },
    {
      "Target": "Parameter",
      "Id": "ParamHandLD",
      "Segments": [
        0,
        1,
        0,
        3.967,
        1
      ]
    },
    {
      "Target": "Parameter",
      "Id": "ParamHandLE",
      "Segments": [
        0,
        0,
        0,
        3.967,
        0
      ]
    },
    {
      "Target": "Parameter",
      "Id": "ParamHandLF",
      "Segments": [
        0,
        0,
        0,
        3.967,
        0
      ]
    },
    {
      "Target": "Parameter",
      "Id": "ParamHandLG",
      "Segments": [
        0,
        0,
        0,
        3.967,
        0
      ]
    },
    {
      "Target": "Parameter",
      "Id": "ParamHandLH",
      "Segments": [
        0,
        0,
        0,
        3.967,
        0
      ]
    },
    {
      "Target": "Parameter",
      "Id": "ParamHandLI",
      "Segments": [
        0,
        0,
        0,
        3.967,
        0
      ]
    },
    {
      "Target": "Parameter",
      "Id": "ParamHandLJ",
      "Segments": [
        0,
        0,
        0,
        3.967,
        0
      ]
    },
    {
      "Target": "Parameter",
      "Id": "ParamHandLK",
      "Segments": [
        0,
        0,
        0,
        3.967,
        0
      ]
    }
  ],
  "UserData": []
}