{
  "Version": 3,
  "Meta": {
    "Duration": 2.5,
    "Fps": 60.0,
    "Loop": true,
    "AreBeziersRestricted": true,
    "CurveCount": 71,
    "UserDataCount": 1,
    "TotalSegmentCount": 309,
    "TotalPointCount": 381,
    "TotalUserDataSize": 23
  },
  "Curves": [
    {
      "Target": "Parameter",
      "Id": "ParamPositionX",
      "Segments": [
        0,
        0,
        0,
        0.5,
        0,
        2,
        0.667,
        0,
        0,
        0.983,
        -3,
        2,
        1.383,
        -3,
        2,
        1.9,
        -3,
        2,
        2.5,
        -3
      ]
    },
    {
      "Target": "Parameter",
      "Id": "ParamPositionY",
      "Segments": [
        0,
        0,
        0,
        0.3,
        -2,
        1,
        0.367,
        -2,
        0.433,
        1.822,
        0.5,
        3.6,
        1,
        0.556,
        5.081,
        0.611,
        5.0,
        0.667,
        5,
        0,
        0.983,
        -1,
        0,
        1.383,
        0,
        2,
        1.9,
        0,
        2,
        2.5,
        0
      ]
    },
    {
      "Target": "Parameter",
      "Id": "ParamAngleX",
      "Segments": [
        0,
        0,
        0,
        0.5,
        1.9,
        1,
        0.556,
        2.081,
        0.611,
        2.0,
        0.667,
        2,
        2,
        1.05,
        2,
        2,
        1.9,
        2,
        2,
        2.5,
        2
      ]
    },
    {
      "Target": "Parameter",
      "Id": "ParamAngleY",
      "Segments": [
        0,
        -9,
        0,
        0.3,
        -21,
        1,
        0.367,
        -21,
        0.433,
        7.528,
        0.5,
        13,
        1,
        0.556,
        17.56,
        0.611,
        17.0,
        0.667,
        17,
        0,
        1.05,
        -15,
        0,
        1.533,
        8,
        2,
        1.9,
        8,
        2,
        2.5,
        8
      ]
    },
    {
      "Target": "Parameter",
      "Id": "ParamAngleZ",
      "Segments": [
        0,
        11,
        0,
        0.5,
        -0.3,
        1,
        0.556,
        -0.3,
        0.611,
        -0.558,
        0.667,
        0,
        1,
        0.795,
        1.283,
        0.922,
        10.0,
        1.05,
        10,
        0,
        1.533,
        0,
        2,
        1.9,
        0,
        2,
        2.5,
        0
      ]
    },
    {
      "Target": "Parameter",
      "Id": "ParamEyeROpen",
      "Segments": [
        0,
        1,
        0,
        0.2,
        1,
        0,
        0.333,
        0,
        2,
        0.5,
        0,
        0,
        0.667,
        1,
        2,
        2.5,
        1
      ]
    },
    {
      "Target": "Parameter",
      "Id": "ParamEyeLOpen",
      "Segments": [
        0,
        1,
        0,
        0.2,
        1,
        0,
        0.333,
        0,
        2,
        0.5,
        0,
        0,
        0.667,
        1,
        2,
        2.5,
        1
      ]
    },
    {
      "Target": "Parameter",
      "Id": "ParamBodyAngleX",
      "Segments": [
        0,
        0,
        0,
        0.5,
        -0.7,
        1,
        0.556,
        -0.865,
        0.611,
        -1.0,
        0.667,
        -1,
        2,
        0.983,
        -1,
        2,
        1.383,
        -1,
        2,
        1.9,
        -1,
        2,
        2.5,
        -1
      ]
    },
    {
      "Target": "Parameter",
      "Id": "ParamBodyAngleY",
      "Segments": [
        0,
        0,
        0,
        0.3,
        -10,
        1,
        0.367,
        -10,
        0.433,
        4.967,
        0.5,
        7.9,
        1,
        0.556,
        10.0,
        0.611,
        10.0,
        0.667,
        10,
        0,
        0.983,
        -10,
        0,
        1.25,
        -2,
        2,
        1.9,
        -2,
        2,
        2.5,
        -2
      ]
    },
    {
      "Target": "Parameter",
      "Id": "ParamBodyAngleZ",
      "Segments": [
        0,
        3,
        0,
        0.5,
        0.2,
        1,
        0.556,
        -0.124,
        0.611,
        0.0,
        0.667,
        0,
        0,
        0.983,
        6,
        0,
        1.483,
        5,
        2,
        1.9,
        5,
        2,
        2.5,
        5
      ]
    },
    {
      "Target": "Parameter",
      "Id": "ParamUpperBodyZ",
      "Segments": [
        0,
        -5,
        0,
        0.5,
        -0.3,
        1,
        0.556,
        0.206,
        0.611,
        -0.0,
        0.667,
        0,
        0,
        0.983,
        -4,
        2,
        1.383,
        -4,
        2,
        1.9,
        -4,
        2,
        2.5,
        -4
      ]
    },
    {
      "Target": "Parameter",
      "Id": "ParamUpperBody",
      "Segments": [
        0,
        0,
        0,
        0.3,
        -6,
        0,
        0.5,
        -0.7,
        1,
        0.556,
        -0.7,
        0.611,
        -5.606,
        0.667,
        -7,
        1,
        0.772,
        -9.648,
        0.878,
        -10.0,
        0.983,
        -10,
        0,
        1.383,
        -7,
        2,
        1.9,
        -7,
        2,
        2.5,
        -7
      ]
    },
    {
      "Target": "Parameter",
      "Id": "ParamLegLZ",
      "Segments": [
        0,
        6,
        0,
        0.667,
        7,
        1,
        0.772,
        7.434,
        0.878,
        10.0,
        0.983,
        10,
        2,
        1.383,
        10,
        2,
        1.9,
        10,
        2,
        2.5,
        10
      ]
    },
    {
      "Target": "Parameter",
      "Id": "ParamLegRZ",
      "Segments": [
        0,
        2,
        0,
        0.667,
        4,
        0,
        0.983,
        3,
        2,
        1.383,
        3,
        2,
        1.9,
        3,
        2,
        2.5,
        3
      ]
    },
    {
      "Target": "Parameter",
      "Id": "ParamShoulderR",
      "Segments": [
        0,
        6,
        0,
        0.3,
        10,
        2,
        0.667,
        10,
        0,
        0.983,
        6,
        0,
        1.383,
        10,
        2,
        1.9,
        10,
        2,
        2.5,
        10
      ]
    },
    {
      "Target": "Parameter",
      "Id": "ParamArmR1",
      "Segments": [
        0,
        -30,
        0,
        0.3,
        -22,
        1,
        0.356,
        -17.961,
        0.411,
        44.194,
        0.467,
        46,
        1,
        0.534,
        48.167,
        0.6,
        48.0,
        0.667,
        48,
        1,
        0.745,
        48,
        0.822,
        9.425,
        0.9,
        5,
        1,
        0.978,
        0.575,
        1.055,
        1.0,
        1.133,
        1,
        0,
        1.483,
        5,
        2,
        1.9,
        5,
        2,
        2.5,
        5
      ]
    },
    {
      "Target": "Parameter",
      "Id": "ParamArmR2",
      "Segments": [
        0,
        35,
        0,
        0.3,
        34,
        1,
        0.356,
        34,
        0.411,
        36.778,
        0.467,
        51,
        1,
        0.534,
        68.066,
        0.6,
        84.0,
        0.667,
        84,
        1,
        0.745,
        84,
        0.822,
        75.474,
        0.9,
        65,
        1,
        0.944,
        59.015,
        0.989,
        58.0,
        1.033,
        58,
        0,
        1.483,
        59,
        2,
        1.9,
        59,
        2,
        2.5,
        59
      ]
    },
    {
      "Target": "Parameter",
      "Id": "ParamArmR3",
      "Segments": [
        0,
        32,
        0,
        0.3,
        40,
        0,
        0.667,
        -14,
        0,
        0.917,
        6,
        0,
        1.1,
        -15,
        0,
        1.383,
        -8,
        2,
        1.9,
        -8,
        2,
        2.5,
        -8
      ]
    },
    {
      "Target": "Parameter",
      "Id": "ParamArmR4",
      "Segments": [
        0,
        0,
        0,
        0.3,
        40,
        0,
        0.667,
        12,
        2,
        0.983,
        12,
        2,
        1.383,
        12,
        2,
        1.9,
        12,
        2,
        2.5,
        12
      ]
    },
    {
      "Target": "Parameter",
      "Id": "ParamArmR5",
      "Segments": [
        0,
        13,
        0,
        0.3,
        0,
        0,
        0.667,
        2,
        2,
        0.983,
        2,
        2,
        1.383,
        2,
        2,
        1.9,
        2,
        2,
        2.5,
        2
      ]
    },
    {
      "Target": "Parameter",
      "Id": "ParamArmR7",
      "Segments": [
        0,
        5,
        0,
        0.533,
        10,
        2,
        2.5,
        10
      ]
    },
    {
      "Target": "Parameter",
      "Id": "ParamArmR8",
      "Segments": [
        0,
        33,
        0,
        0.367,
        34,
        1,
        0.422,
        34,
        0.478,
        11.196,
        0.533,
        -5,
        1,
        0.589,
        -21.196,
        0.644,
        -23.0,
        0.7,
        -23,
        0,
        0.85,
        -1,
        0,
        1.05,
        -27,
        2,
        2.5,
        -27
      ]
    },
    {
      "Target": "Parameter",
      "Id": "ParamHandRC",
      "Segments": [
        0,
        1,
        0,
        0.5,
        1,
        0,
        0.55,
        0,
        2,
        2.5,
        0
      ]
    },
    {
      "Target": "Parameter",
      "Id": "ParamHandRI",
      "Segments": [
        0,
        0,
        0,
        0.5,
        0,
        0,
        0.55,
        1,
        2,
        2.5,
        1
      ]
    },
    {
      "Target": "Parameter",
      "Id": "ParamFingerR",
      "Segments": [
        0,
        0,
        0,
        0.333,
        -6,
        0,
        0.65,
        10,
        0,
        1.05,
        0,
        0,
        1.467,
        7,
        2,
        2.5,
        7
      ]
    },
    {
      "Target": "Parameter",
      "Id": "ParamShoulderL",
      "Segments": [
        0,
        1,
        0,
        0.3,
        10,
        2,
        0.667,
        10,
        0,
        0.983,
        4,
        0,
        1.383,
        10,
        2,
        1.9,
        10,
        2,
        2.5,
        10
      ]
    },
    {
      "Target": "Parameter",
      "Id": "ParamArmL1",
      "Segments": [
        0,
        -38,
        0,
        0.3,
        -24,
        1,
        0.356,
        -16.875,
        0.411,
        40.0,
        0.467,
        40,
        1,
        0.534,
        40,
        0.6,
        40.261,
        0.667,
        39,
        1,
        0.745,
        37.528,
        0.822,
        17.306,
        0.9,
        9.748,
        1,
        0.978,
        2.19,
        1.055,
        -7.676,
        1.133,
        -9,
        1,
        1.25,
        -10.986,
        1.366,
        -11.0,
        1.483,
        -11,
        2,
        1.9,
        -11,
        2,
        2.5,
        -11
      ]
    },
    {
      "Target": "Parameter",
      "Id": "ParamArmL2",
      "Segments": [
        0,
        37,
        0,
        0.3,
        35,
        1,
        0.356,
        35,
        0.411,
        37.778,
        0.467,
        52,
        1,
        0.534,
        69.066,
        0.6,
        85.0,
        0.667,
        85,
        1,
        0.745,
        85,
        0.822,
        74.99,
        0.9,
        64,
        1,
        0.944,
        57.72,
        0.989,
        57.0,
        1.033,
        57,
        0,
        1.483,
        58,
        2,
        1.9,
        58,
        2,
        2.5,
        58
      ]
    },
    {
      "Target": "Parameter",
      "Id": "ParamArmL3",
      "Segments": [
        0,
        33,
        0,
        0.3,
        40,
        0,
        0.667,
        -19,
        0,
        0.9,
        7,
        0,
        1.1,
        -17,
        0,
        1.383,
        -7,
        2,
        1.9,
        -7,
        2,
        2.5,
        -7
      ]
    },
    {
      "Target": "Parameter",
      "Id": "ParamArmL4",
      "Segments": [
        0,
        0,
        0,
        0.3,
        40,
        0,
        0.667,
        7,
        2,
        0.983,
        7,
        2,
        1.383,
        7,
        2,
        1.9,
        7,
        2,
        2.5,
        7
      ]
    },
    {
      "Target": "Parameter",
      "Id": "ParamArmL5",
      "Segments": [
        0,
        12,
        0,
        0.3,
        0,
        0,
        0.667,
        2,
        2,
        0.983,
        2,
        2,
        1.383,
        2,
        2,
        1.9,
        2,
        2,
        2.5,
        2
      ]
    },
    {
      "Target": "Parameter",
      "Id": "ParamArmL7",
      "Segments": [
        0,
        5,
        0,
        0.533,
        10,
        2,
        2.5,
        10
      ]
    },
    {
      "Target": "Parameter",
      "Id": "ParamArmL8",
      "Segments": [
        0,
        32,
        0,
        0.367,
        33,
        1,
        0.422,
        33,
        0.478,
        14.228,
        0.533,
        -6,
        1,
        0.589,
        -26.228,
        0.644,
        -31.0,
        0.7,
        -31,
        0,
        0.85,
        -3,
        0,
        1.05,
        -35,
        2,
        2.5,
        -35
      ]
    },
    {
      "Target": "Parameter",
      "Id": "ParamHandLC",
      "Segments": [
        0,
        1,
        0,
        0.5,
        1,
        0,
        0.55,
        0,
        2,
        2.5,
        0
      ]
    },
    {
      "Target": "Parameter",
      "Id": "ParamHandLI",
      "Segments": [
        0,
        0,
        0,
        0.5,
        0,
        0,
        0.55,
        1,
        2,
        2.5,
        1
      ]
    },
    {
      "Target": "Parameter",
      "Id": "ParamFingerL",
      "Segments": [
        0,
        0,
        0,
        0.333,
        -6,
        0,
        0.65,
        10,
        0,
        1.05,
        0,
        0,
        1.467,
        7,
        2,
        2.5,
        7
      ]
    },
    {
      "Target": "Parameter",
      "Id": "ParamRotationZ",
      "Segments": [
        0,
        0,
        0,
        2.5,
        0
      ]
    },
    {
      "Target": "Parameter",
      "Id": "ParamEyeballX",
      "Segments": [
        0,
        0,
        0,
        2.5,
        0
      ]
    },
    {
      "Target": "Parameter",
      "Id": "ParamBreath",
      "Segments": [
        0,
        0,
        0,
        2.5,
        0
      ]
    },
    {
      "Target": "Parameter",
      "Id": "ParamArmR6",
      "Segments": [
        0,
        1,
        0,
        2.5,
        1
      ]
    },
    {
      "Target": "Parameter",
      "Id": "ParamArmR9",
      "Segments": [
        0,
        0,
        0,
        2.5,
        0
      ]
    },
    {
      "Target": "Parameter",
      "Id": "ParamHandRA",
      "Segments": [
        0,
        0,
        0,
        2.5,
        0
      ]
    },
    {
      "Target": "Parameter",
      "Id": "ParamHandRB",
      "Segments": [
        0,
        0,
        0,
        2.5,
        0
      ]
    },
    {
      "Target": "Parameter",
      "Id": "ParamHandRD",
      "Segments": [
        0,
        0,
        0,
        2.5,
        0
      ]
    },
    {
      "Target": "Parameter",
      "Id": "ParamHandRE",
      "Segments": [
        0,
        0,
        0,
        2.5,
        0
      ]
    },
    {
      "Target": "Parameter",
      "Id": "ParamHandRF",
      "Segments": [
        0,
        0,
        0,
        2.5,
        0
      ]
    },
    {
      "Target": "Parameter",
      "Id": "ParamHandRG",
      "Segments": [
        0,
        0,
        0,
        2.5,
        0
      ]
    },
    {
      "Target": "Parameter",
      "Id": "ParamHandRH",
      "Segments": [
        0,
        0,
        0,
        2.5,
        0
      ]
    },
    {
      "Target": "Parameter",
      "Id": "ParamHandRJ",
      "Segments": [
        0,
        0,
        0,
        2.5,
        0
      ]
    },
    {
      "Target": "Parameter",
      "Id": "ParamHandRK",
      "Segments": [
        0,
        0,
        0,
        2.5,
        0
      ]
    },
    {
      "Target": "Parameter",
      "Id": "ParamHandRL",
      "Segments": [
        0,
        0,
        0,
        2.5,
        0
      ]
    },
    {
      "Target": "Parameter",
      "Id": "ParamHandRM",
      "Segments": [
        0,
        0,
        0,
        2.5,
        0
      ]
    },
    {
      "Target": "Parameter",
      "Id": "ParamHandRN",
      "Segments": [
        0,
        0,
        0,
        2.5,
        0
      ]
    },
    {
      "Target": "Parameter",
      "Id": "ParamHandRO",
      "Segments": [
        0,
        0,
        0,
        2.5,
        0
      ]
    },
    {
      "Target": "Parameter",
      "Id": "ParamHandRP",
      "Segments": [
        0,
        0,
        0,
        2.5,
        0
      ]
    },
    {
      "Target": "Parameter",
      "Id": "ParamArmL6",
      "Segments": [
        0,
        1,
        0,
        2.5,
        1
      ]
    },
    {
      "Target": "Parameter",
      "Id": "ParamArmL9",
      "Segments": [
        0,
        0,
        0,
        2.5,
        0
      ]
    },
    {
      "Target": "Parameter",
      "Id": "ParamHandLA",
      "Segments": [
        0,
        0,
        0,
        2.5,
        0
      ]
    },
    {
      "Target": "Parameter",
      "Id": "ParamHandLB",
      "Segments": [
        0,
        0,
        0,
        2.5,
        0
      ]
    },
    {
      "Target": "Parameter",
      "Id": "ParamHandLD",
      "Segments": [
        0,
        0,
        0,
        2.5,
        0
      ]
    },
    {
      "Target": "Parameter",
      "Id": "ParamHandLE",
      "Segments": [
        0,
        0,
        0,
        2.5,
        0
      ]
    },
    {
      "Target": "Parameter",
      "Id": "ParamHandLF",
      "Segments": [
        0,
        0,
        0,
        2.5,
        0
      ]
    },
    {
      "Target": "Parameter",
      "Id": "ParamHandLG",
      "Segments": [
        0,
        0,
        0,
        2.5,
        0
      ]
    },
    {
      "Target": "Parameter",
      "Id": "ParamHandLH",
      "Segments": [
        0,
        0,
        0,
        2.5,
        0
      ]
    },
    {
      "Target": "Parameter",
      "Id": "ParamHandLJ",
      "Segments": [
        0,
        0,
        0,
        2.5,
        0
      ]
    },
    {
      "Target": "Parameter",
      "Id": "ParamHandLK",
      "Segments": [
        0,
        0,
        0,
        2.5,
        0
      ]
    },
    {
      "Target": "Parameter",
      "Id": "ParamHandLL",
      "Segments": [
        0,
        0,
        0,
        2.5,
        0
      ]
    },
    {
      "Target": "Parameter",
      "Id": "ParamHandLM",
      "Segments": [
        0,
        0,
        0,
        2.5,
        0
      ]
    },
    {
      "Target": "Parameter",
      "Id": "ParamHandLN",
      "Segments": [
        0,
        0,
        0,
        2.5,
        0
      ]
    },
    {
      "Target": "Parameter",
      "Id": "ParamHandLO",
      "Segments": [
        0,
        0,
        0,
        2.5,
        0
      ]
    },
    {
      "Target": "Parameter",
      "Id": "ParamHandLP",
      "Segments": [
        0,
        0,
        0,
        2.5,
        0
      ]
    }
  ],
  "UserData": [
    {
      "Time": 0.2,
      "Value": "eyeblink,0.14,0.17,0.17"
    }
  ]
}