{
  "FileReferences": {
    "Moc": "19ena_clathes2_4_t04.moc3",
    "Motions": {
      "w-adult01-blushed": [
        {
          "FadeInTime": 0.5,
          "FadeOutTime": 0.5,
          "File": "motions/w-adult01-blushed.motion3.json"
        }
      ],
      "w-adult01-nod": [
        {
          "FadeInTime": 0.5,
          "FadeOutTime": 0.5,
          "File": "motions/w-adult01-nod.motion3.json"
        }
      ],
      "w-adult01-pose": [
        {
          "FadeInTime": 0.5,
          "FadeOutTime": 0.5,
          "File": "motions/w-adult01-pose.motion3.json"
        }
      ],
      "w-adult01-shakehand": [
        {
          "FadeInTime": 0.5,
          "FadeOutTime": 0.5,
          "File": "motions/w-adult01-shakehand.motion3.json"
        }
      ],
      "w-adult01-think": [
        {
          "FadeInTime": 0.5,
          "FadeOutTime": 0.5,
          "File": "motions/w-adult01-think.motion3.json"
        }
      ],
      "w-adult01-tilthead": [
        {
          "FadeInTime": 0.5,
          "FadeOutTime": 0.5,
          "File": "motions/w-adult01-tilthead.motion3.json"
        }
      ],
      "w-adult02-blushed": [
        {
          "FadeInTime": 0.5,
          "FadeOutTime": 0.5,
          "File": "motions/w-adult02-blushed.motion3.json"
        }
      ],
      "w-adult02-delicious": [
        {
          "FadeInTime": 0.5,
          "FadeOutTime": 0.5,
          "File": "motions/w-adult02-delicious.motion3.json"
        }
      ],
      "w-adult02-glad": [
        {
          "FadeInTime": 0.5,
          "FadeOutTime": 0.5,
          "File": "motions/w-adult02-glad.motion3.json"
        }
      ],
      "w-adult02-nod": [
        {
          "FadeInTime": 0.5,
          "FadeOutTime": 0.5,
          "File": "motions/w-adult02-nod.motion3.json"
        }
      ],
      "w-adult02-pose": [
        {
          "FadeInTime": 0.5,
          "FadeOutTime": 0.5,
          "File": "motions/w-adult02-pose.motion3.json"
        }
      ],
      "w-adult02-tilthead": [
        {
          "FadeInTime": 0.5,
          "FadeOutTime": 0.5,
          "File": "motions/w-adult02-tilthead.motion3.json"
        }
      ],
      "w-adult02-trouble": [
        {
          "FadeInTime": 0.5,
          "FadeOutTime": 0.5,
          "File": "motions/w-adult02-trouble.motion3.json"
        }
      ],
      "w-adult05-blushed": [
        {
          "FadeInTime": 0.5,
          "FadeOutTime": 0.5,
          "File": "motions/w-adult05-blushed.motion3.json"
        }
      ],
      "w-adult05-nod": [
        {
          "FadeInTime": 0.5,
          "FadeOutTime": 0.5,
          "File": "motions/w-adult05-nod.motion3.json"
        }
      ],
      "w-adult05-pose": [
        {
          "FadeInTime": 0.5,
          "FadeOutTime": 0.5,
          "File": "motions/w-adult05-pose.motion3.json"
        }
      ],
      "w-adult05-think": [
        {
          "FadeInTime": 0.5,
          "FadeOutTime": 0.5,
          "File": "motions/w-adult05-think.motion3.json"
        }
      ],
      "w-adult05-tilthead": [
        {
          "FadeInTime": 0.5,
          "FadeOutTime": 0.5,
          "File": "motions/w-adult05-tilthead.motion3.json"
        }
      ],
      "w-adult05-trouble": [
        {
          "FadeInTime": 0.5,
          "FadeOutTime": 0.5,
          "File": "motions/w-adult05-trouble.motion3.json"
        }
      ],
      "w-adult11-blushed03": [
        {
          "FadeInTime": 0.5,
          "FadeOutTime": 0.5,
          "File": "motions/w-adult11-blushed03.motion3.json"
        }
      ],
      "w-adult11-delicious02": [
        {
          "FadeInTime": 0.5,
          "FadeOutTime": 0.5,
          "File": "motions/w-adult11-delicious02.motion3.json"
        }
      ],
      "w-adult11-delicious03": [
        {
          "FadeInTime": 0.5,
          "FadeOutTime": 0.5,
          "File": "motions/w-adult11-delicious03.motion3.json"
        }
      ],
      "w-adult11-glad02": [
        {
          "FadeInTime": 0.5,
          "FadeOutTime": 0.5,
          "File": "motions/w-adult11-glad02.motion3.json"
        }
      ],
      "w-adult11-nod": [
        {
          "FadeInTime": 0.5,
          "FadeOutTime": 0.5,
          "File": "motions/w-adult11-nod.motion3.json"
        }
      ],
      "w-adult11-piece": [
        {
          "FadeInTime": 0.5,
          "FadeOutTime": 0.5,
          "File": "motions/w-adult11-piece.motion3.json"
        }
      ],
      "w-adult11-tilthead": [
        {
          "FadeInTime": 0.5,
          "FadeOutTime": 0.5,
          "File": "motions/w-adult11-tilthead.motion3.json"
        }
      ],
      "w-adult12-glad": [
        {
          "FadeInTime": 0.5,
          "FadeOutTime": 0.5,
          "File": "motions/w-adult12-glad.motion3.json"
        }
      ],
      "w-adult12-nod": [
        {
          "FadeInTime": 0.5,
          "FadeOutTime": 0.5,
          "File": "motions/w-adult12-nod.motion3.json"
        }
      ],
      "w-adult12-pose": [
        {
          "FadeInTime": 0.5,
          "FadeOutTime": 0.5,
          "File": "motions/w-adult12-pose.motion3.json"
        }
      ],
      "w-adult12-relief": [
        {
          "FadeInTime": 0.5,
          "FadeOutTime": 0.5,
          "File": "motions/w-adult12-relief.motion3.json"
        }
      ],
      "w-adult12-shakehead": [
        {
          "FadeInTime": 0.5,
          "FadeOutTime": 0.5,
          "File": "motions/w-adult12-shakehead.motion3.json"
        }
      ],
      "w-adult12-tilthead": [
        {
          "FadeInTime": 0.5,
          "FadeOutTime": 0.5,
          "File": "motions/w-adult12-tilthead.motion3.json"
        }
      ],
      "w-adult15-sleep": [
        {
          "FadeInTime": 0.5,
          "FadeOutTime": 0.5,
          "File": "motions/w-adult15-sleep.motion3.json"
        }
      ],
      "w-adult15-sleepB": [
        {
          "FadeInTime": 0.5,
          "FadeOutTime": 0.5,
          "File": "motions/w-adult15-sleepB.motion3.json"
        }
      ],
      "w-animal01-nod": [
        {
          "FadeInTime": 0.5,
          "FadeOutTime": 0.5,
          "File": "motions/w-animal01-nod.motion3.json"
        }
      ],
      "w-animal02-tilthead": [
        {
          "FadeInTime": 0.5,
          "FadeOutTime": 0.5,
          "File": "motions/w-animal02-tilthead.motion3.json"
        }
      ],
      "w-animal0212-tiltheadnod": [
        {
          "FadeInTime": 0.5,
          "FadeOutTime": 0.5,
          "File": "motions/w-animal0212-tiltheadnod.motion3.json"
        }
      ],
      "w-animal12-fidget02": [
        {
          "FadeInTime": 0.5,
          "FadeOutTime": 0.5,
          "File": "motions/w-animal12-fidget02.motion3.json"
        }
      ],
      "w-animal12-fidget02B": [
        {
          "FadeInTime": 0.5,
          "FadeOutTime": 0.5,
          "File": "motions/w-animal12-fidget02B.motion3.json"
        }
      ],
      "w-animal12-lookright02": [
        {
          "FadeInTime": 0.5,
          "FadeOutTime": 0.5,
          "File": "motions/w-animal12-lookright02.motion3.json"
        }
      ],
      "w-animal12-nod": [
        {
          "FadeInTime": 0.5,
          "FadeOutTime": 0.5,
          "File": "motions/w-animal12-nod.motion3.json"
        }
      ],
      "w-animal12-pose": [
        {
          "FadeInTime": 0.5,
          "FadeOutTime": 0.5,
          "File": "motions/w-animal12-pose.motion3.json"
        }
      ],
      "w-animal12-shy02": [
        {
          "FadeInTime": 0.5,
          "FadeOutTime": 0.5,
          "File": "motions/w-animal12-shy02.motion3.json"
        }
      ],
      "w-animal1202-nodtilthead": [
        {
          "FadeInTime": 0.5,
          "FadeOutTime": 0.5,
          "File": "motions/w-animal1202-nodtilthead.motion3.json"
        }
      ],
      "w-cool01-shakehand": [
        {
          "FadeInTime": 0.5,
          "FadeOutTime": 0.5,
          "File": "motions/w-cool01-shakehand.motion3.json"
        }
      ],
      "w-cool01-thumb": [
        {
          "FadeInTime": 0.5,
          "FadeOutTime": 0.5,
          "File": "motions/w-cool01-thumb.motion3.json"
        }
      ],
      "w-cool02-guts": [
        {
          "FadeInTime": 0.5,
          "FadeOutTime": 0.5,
          "File": "motions/w-cool02-guts.motion3.json"
        }
      ],
      "w-cool02-pose": [
        {
          "FadeInTime": 0.5,
          "FadeOutTime": 0.5,
          "File": "motions/w-cool02-pose.motion3.json"
        }
      ],
      "w-cool02-thumb": [
        {
          "FadeInTime": 0.5,
          "FadeOutTime": 0.5,
          "File": "motions/w-cool02-thumb.motion3.json"
        }
      ],
      "w-cool02-tilthead": [
        {
          "FadeInTime": 0.5,
          "FadeOutTime": 0.5,
          "File": "motions/w-cool02-tilthead.motion3.json"
        }
      ],
      "w-cool0213-tilthead": [
        {
          "FadeInTime": 0.5,
          "FadeOutTime": 0.5,
          "File": "motions/w-cool0213-tilthead.motion3.json"
        }
      ],
      "w-cool06-blushed": [
        {
          "FadeInTime": 0.5,
          "FadeOutTime": 0.5,
          "File": "motions/w-cool06-blushed.motion3.json"
        }
      ],
      "w-cool06-nod": [
        {
          "FadeInTime": 0.5,
          "FadeOutTime": 0.5,
          "File": "motions/w-cool06-nod.motion3.json"
        }
      ],
      "w-cool06-pose": [
        {
          "FadeInTime": 0.5,
          "FadeOutTime": 0.5,
          "File": "motions/w-cool06-pose.motion3.json"
        }
      ],
      "w-cool06-tilthead": [
        {
          "FadeInTime": 0.5,
          "FadeOutTime": 0.5,
          "File": "motions/w-cool06-tilthead.motion3.json"
        }
      ],
      "w-cool09-pose": [
        {
          "FadeInTime": 0.5,
          "FadeOutTime": 0.5,
          "File": "motions/w-cool09-pose.motion3.json"
        }
      ],
      "w-cool09-tilthead": [
        {
          "FadeInTime": 0.5,
          "FadeOutTime": 0.5,
          "File": "motions/w-cool09-tilthead.motion3.json"
        }
      ],
      "w-cool0913-tilthead": [
        {
          "FadeInTime": 0.5,
          "FadeOutTime": 0.5,
          "File": "motions/w-cool0913-tilthead.motion3.json"
        }
      ],
      "w-cool09normal15-tilthead": [
        {
          "FadeInTime": 0.5,
          "FadeOutTime": 0.5,
          "File": "motions/w-cool09normal15-tilthead.motion3.json"
        }
      ],
      "w-cool10-angry": [
        {
          "FadeInTime": 0.5,
          "FadeOutTime": 0.5,
          "File": "motions/w-cool10-angry.motion3.json"
        }
      ],
      "w-cool10-forward": [
        {
          "FadeInTime": 0.5,
          "FadeOutTime": 0.5,
          "File": "motions/w-cool10-forward.motion3.json"
        }
      ],
      "w-cool10-nod": [
        {
          "FadeInTime": 0.5,
          "FadeOutTime": 0.5,
          "File": "motions/w-cool10-nod.motion3.json"
        }
      ],
      "w-cool10-pose": [
        {
          "FadeInTime": 0.5,
          "FadeOutTime": 0.5,
          "File": "motions/w-cool10-pose.motion3.json"
        }
      ],
      "w-cool10-shakehead": [
        {
          "FadeInTime": 0.5,
          "FadeOutTime": 0.5,
          "File": "motions/w-cool10-shakehead.motion3.json"
        }
      ],
      "w-cool10-tilthead": [
        {
          "FadeInTime": 0.5,
          "FadeOutTime": 0.5,
          "File": "motions/w-cool10-tilthead.motion3.json"
        }
      ],
      "w-cool10-trouble": [
        {
          "FadeInTime": 0.5,
          "FadeOutTime": 0.5,
          "File": "motions/w-cool10-trouble.motion3.json"
        }
      ],
      "w-cool1013-nodtilthead": [
        {
          "FadeInTime": 0.5,
          "FadeOutTime": 0.5,
          "File": "motions/w-cool1013-nodtilthead.motion3.json"
        }
      ],
      "w-cool13-forward": [
        {
          "FadeInTime": 0.5,
          "FadeOutTime": 0.5,
          "File": "motions/w-cool13-forward.motion3.json"
        }
      ],
      "w-cool13-nod": [
        {
          "FadeInTime": 0.5,
          "FadeOutTime": 0.5,
          "File": "motions/w-cool13-nod.motion3.json"
        }
      ],
      "w-cool13-pose": [
        {
          "FadeInTime": 0.5,
          "FadeOutTime": 0.5,
          "File": "motions/w-cool13-pose.motion3.json"
        }
      ],
      "w-cool13-shakehead": [
        {
          "FadeInTime": 0.5,
          "FadeOutTime": 0.5,
          "File": "motions/w-cool13-shakehead.motion3.json"
        }
      ],
      "w-cool13-sigh": [
        {
          "FadeInTime": 0.5,
          "FadeOutTime": 0.5,
          "File": "motions/w-cool13-sigh.motion3.json"
        }
      ],
      "w-cool13-tilthead": [
        {
          "FadeInTime": 0.5,
          "FadeOutTime": 0.5,
          "File": "motions/w-cool13-tilthead.motion3.json"
        }
      ],
      "w-cool16-pose": [
        {
          "FadeInTime": 0.5,
          "FadeOutTime": 0.5,
          "File": "motions/w-cool16-pose.motion3.json"
        }
      ],
      "w-cool16-sad": [
        {
          "FadeInTime": 0.5,
          "FadeOutTime": 0.5,
          "File": "motions/w-cool16-sad.motion3.json"
        }
      ],
      "w-cute-nbtilthead09": [
        {
          "FadeInTime": 0.5,
          "FadeOutTime": 0.5,
          "File": "motions/w-cute-nbtilthead09.motion3.json"
        }
      ],
      "w-cute01-delicious02": [
        {
          "FadeInTime": 0.5,
          "FadeOutTime": 0.5,
          "File": "motions/w-cute01-delicious02.motion3.json"
        }
      ],
      "w-cute01-forward03": [
        {
          "FadeInTime": 0.5,
          "FadeOutTime": 0.5,
          "File": "motions/w-cute01-forward03.motion3.json"
        }
      ],
      "w-cute01-glad": [
        {
          "FadeInTime": 0.5,
          "FadeOutTime": 0.5,
          "File": "motions/w-cute01-glad.motion3.json"
        }
      ],
      "w-cute01-glad03": [
        {
          "FadeInTime": 0.5,
          "FadeOutTime": 0.5,
          "File": "motions/w-cute01-glad03.motion3.json"
        }
      ],
      "w-cute01-nbtilthead04": [
        {
          "FadeInTime": 0.5,
          "FadeOutTime": 0.5,
          "File": "motions/w-cute01-nbtilthead04.motion3.json"
        }
      ],
      "w-cute01-nod04": [
        {
          "FadeInTime": 0.5,
          "FadeOutTime": 0.5,
          "File": "motions/w-cute01-nod04.motion3.json"
        }
      ],
      "w-cute01-pose": [
        {
          "FadeInTime": 0.5,
          "FadeOutTime": 0.5,
          "File": "motions/w-cute01-pose.motion3.json"
        }
      ],
      "w-cute01-shakehead04": [
        {
          "FadeInTime": 0.5,
          "FadeOutTime": 0.5,
          "File": "motions/w-cute01-shakehead04.motion3.json"
        }
      ],
      "w-cute01-shy": [
        {
          "FadeInTime": 0.5,
          "FadeOutTime": 0.5,
          "File": "motions/w-cute01-shy.motion3.json"
        }
      ],
      "w-cute01-sleep05": [
        {
          "FadeInTime": 0.5,
          "FadeOutTime": 0.5,
          "File": "motions/w-cute01-sleep05.motion3.json"
        }
      ],
      "w-cute01-sleep05B": [
        {
          "FadeInTime": 0.5,
          "FadeOutTime": 0.5,
          "File": "motions/w-cute01-sleep05B.motion3.json"
        }
      ],
      "w-cute01-tilthead": [
        {
          "FadeInTime": 0.5,
          "FadeOutTime": 0.5,
          "File": "motions/w-cute01-tilthead.motion3.json"
        }
      ],
      "w-cute01-tilthead02": [
        {
          "FadeInTime": 0.5,
          "FadeOutTime": 0.5,
          "File": "motions/w-cute01-tilthead02.motion3.json"
        }
      ],
      "w-cute01-tilthead04": [
        {
          "FadeInTime": 0.5,
          "FadeOutTime": 0.5,
          "File": "motions/w-cute01-tilthead04.motion3.json"
        }
      ],
      "w-cute01-wink04": [
        {
          "FadeInTime": 0.5,
          "FadeOutTime": 0.5,
          "File": "motions/w-cute01-wink04.motion3.json"
        }
      ],
      "w-cute0111-tilthead": [
        {
          "FadeInTime": 0.5,
          "FadeOutTime": 0.5,
          "File": "motions/w-cute0111-tilthead.motion3.json"
        }
      ],
      "w-cute0112-tilthead": [
        {
          "FadeInTime": 0.5,
          "FadeOutTime": 0.5,
          "File": "motions/w-cute0112-tilthead.motion3.json"
        }
      ],
      "w-cute02-forward": [
        {
          "FadeInTime": 0.5,
          "FadeOutTime": 0.5,
          "File": "motions/w-cute02-forward.motion3.json"
        }
      ],
      "w-cute02-glad": [
        {
          "FadeInTime": 0.5,
          "FadeOutTime": 0.5,
          "File": "motions/w-cute02-glad.motion3.json"
        }
      ],
      "w-cute02-guts": [
        {
          "FadeInTime": 0.5,
          "FadeOutTime": 0.5,
          "File": "motions/w-cute02-guts.motion3.json"
        }
      ],
      "w-cute02-nod": [
        {
          "FadeInTime": 0.5,
          "FadeOutTime": 0.5,
          "File": "motions/w-cute02-nod.motion3.json"
        }
      ],
      "w-cute02-nodB": [
        {
          "FadeInTime": 0.5,
          "FadeOutTime": 0.5,
          "File": "motions/w-cute02-nodB.motion3.json"
        }
      ],
      "w-cute02-pose": [
        {
          "FadeInTime": 0.5,
          "FadeOutTime": 0.5,
          "File": "motions/w-cute02-pose.motion3.json"
        }
      ],
      "w-cute02-tilthead": [
        {
          "FadeInTime": 0.5,
          "FadeOutTime": 0.5,
          "File": "motions/w-cute02-tilthead.motion3.json"
        }
      ],
      "w-cute02-wink": [
        {
          "FadeInTime": 0.5,
          "FadeOutTime": 0.5,
          "File": "motions/w-cute02-wink.motion3.json"
        }
      ],
      "w-cute0211-tilthead": [
        {
          "FadeInTime": 0.5,
          "FadeOutTime": 0.5,
          "File": "motions/w-cute0211-tilthead.motion3.json"
        }
      ],
      "w-cute0212-tilthead": [
        {
          "FadeInTime": 0.5,
          "FadeOutTime": 0.5,
          "File": "motions/w-cute0212-tilthead.motion3.json"
        }
      ],
      "w-cute11-bright": [
        {
          "FadeInTime": 0.5,
          "FadeOutTime": 0.5,
          "File": "motions/w-cute11-bright.motion3.json"
        }
      ],
      "w-cute11-delicious": [
        {
          "FadeInTime": 0.5,
          "FadeOutTime": 0.5,
          "File": "motions/w-cute11-delicious.motion3.json"
        }
      ],
      "w-cute11-deliciousB": [
        {
          "FadeInTime": 0.5,
          "FadeOutTime": 0.5,
          "File": "motions/w-cute11-deliciousB.motion3.json"
        }
      ],
      "w-cute11-fidget02": [
        {
          "FadeInTime": 0.5,
          "FadeOutTime": 0.5,
          "File": "motions/w-cute11-fidget02.motion3.json"
        }
      ],
      "w-cute11-forward": [
        {
          "FadeInTime": 0.5,
          "FadeOutTime": 0.5,
          "File": "motions/w-cute11-forward.motion3.json"
        }
      ],
      "w-cute11-glad": [
        {
          "FadeInTime": 0.5,
          "FadeOutTime": 0.5,
          "File": "motions/w-cute11-glad.motion3.json"
        }
      ],
      "w-cute11-glad02": [
        {
          "FadeInTime": 0.5,
          "FadeOutTime": 0.5,
          "File": "motions/w-cute11-glad02.motion3.json"
        }
      ],
      "w-cute11-guts": [
        {
          "FadeInTime": 0.5,
          "FadeOutTime": 0.5,
          "File": "motions/w-cute11-guts.motion3.json"
        }
      ],
      "w-cute11-nbforward": [
        {
          "FadeInTime": 0.5,
          "FadeOutTime": 0.5,
          "File": "motions/w-cute11-nbforward.motion3.json"
        }
      ],
      "w-cute11-nbglad02": [
        {
          "FadeInTime": 0.5,
          "FadeOutTime": 0.5,
          "File": "motions/w-cute11-nbglad02.motion3.json"
        }
      ],
      "w-cute11-nbshy02": [
        {
          "FadeInTime": 0.5,
          "FadeOutTime": 0.5,
          "File": "motions/w-cute11-nbshy02.motion3.json"
        }
      ],
      "w-cute11-nbtilthead": [
        {
          "FadeInTime": 0.5,
          "FadeOutTime": 0.5,
          "File": "motions/w-cute11-nbtilthead.motion3.json"
        }
      ],
      "w-cute11-piece": [
        {
          "FadeInTime": 0.5,
          "FadeOutTime": 0.5,
          "File": "motions/w-cute11-piece.motion3.json"
        }
      ],
      "w-cute11-pose": [
        {
          "FadeInTime": 0.5,
          "FadeOutTime": 0.5,
          "File": "motions/w-cute11-pose.motion3.json"
        }
      ],
      "w-cute11-shy02": [
        {
          "FadeInTime": 0.5,
          "FadeOutTime": 0.5,
          "File": "motions/w-cute11-shy02.motion3.json"
        }
      ],
      "w-cute11-shy02B": [
        {
          "FadeInTime": 0.5,
          "FadeOutTime": 0.5,
          "File": "motions/w-cute11-shy02B.motion3.json"
        }
      ],
      "w-cute11-tilthead": [
        {
          "FadeInTime": 0.5,
          "FadeOutTime": 0.5,
          "File": "motions/w-cute11-tilthead.motion3.json"
        }
      ],
      "w-cute11-tilthead02": [
        {
          "FadeInTime": 0.5,
          "FadeOutTime": 0.5,
          "File": "motions/w-cute11-tilthead02.motion3.json"
        }
      ],
      "w-cute11-wink": [
        {
          "FadeInTime": 0.5,
          "FadeOutTime": 0.5,
          "File": "motions/w-cute11-wink.motion3.json"
        }
      ],
      "w-cute1101-tilthead": [
        {
          "FadeInTime": 0.5,
          "FadeOutTime": 0.5,
          "File": "motions/w-cute1101-tilthead.motion3.json"
        }
      ],
      "w-cute1102-tilthead": [
        {
          "FadeInTime": 0.5,
          "FadeOutTime": 0.5,
          "File": "motions/w-cute1102-tilthead.motion3.json"
        }
      ],
      "w-cute11normal15-tilthead": [
        {
          "FadeInTime": 0.5,
          "FadeOutTime": 0.5,
          "File": "motions/w-cute11normal15-tilthead.motion3.json"
        }
      ],
      "w-cute12-nbnod": [
        {
          "FadeInTime": 0.5,
          "FadeOutTime": 0.5,
          "File": "motions/w-cute12-nbnod.motion3.json"
        }
      ],
      "w-cute12-nod": [
        {
          "FadeInTime": 0.5,
          "FadeOutTime": 0.5,
          "File": "motions/w-cute12-nod.motion3.json"
        }
      ],
      "w-cute12-pose": [
        {
          "FadeInTime": 0.5,
          "FadeOutTime": 0.5,
          "File": "motions/w-cute12-pose.motion3.json"
        }
      ],
      "w-cute12-shakehead": [
        {
          "FadeInTime": 0.5,
          "FadeOutTime": 0.5,
          "File": "motions/w-cute12-shakehead.motion3.json"
        }
      ],
      "w-cute12-tilthead": [
        {
          "FadeInTime": 0.5,
          "FadeOutTime": 0.5,
          "File": "motions/w-cute12-tilthead.motion3.json"
        }
      ],
      "w-cute1201-tilehead": [
        {
          "FadeInTime": 0.5,
          "FadeOutTime": 0.5,
          "File": "motions/w-cute1201-tilehead.motion3.json"
        }
      ],
      "w-cute1202-tilthead": [
        {
          "FadeInTime": 0.5,
          "FadeOutTime": 0.5,
          "File": "motions/w-cute1202-tilthead.motion3.json"
        }
      ],
      "w-cute12happy16-shakeheadsad": [
        {
          "FadeInTime": 0.5,
          "FadeOutTime": 0.5,
          "File": "motions/w-cute12happy16-shakeheadsad.motion3.json"
        }
      ],
      "w-cute13-angry": [
        {
          "FadeInTime": 0.5,
          "FadeOutTime": 0.5,
          "File": "motions/w-cute13-angry.motion3.json"
        }
      ],
      "w-cute13-forward": [
        {
          "FadeInTime": 0.5,
          "FadeOutTime": 0.5,
          "File": "motions/w-cute13-forward.motion3.json"
        }
      ],
      "w-cute13-nod": [
        {
          "FadeInTime": 0.5,
          "FadeOutTime": 0.5,
          "File": "motions/w-cute13-nod.motion3.json"
        }
      ],
      "w-cute13-tilthead": [
        {
          "FadeInTime": 0.5,
          "FadeOutTime": 0.5,
          "File": "motions/w-cute13-tilthead.motion3.json"
        }
      ],
      "w-cute14-nod": [
        {
          "FadeInTime": 0.5,
          "FadeOutTime": 0.5,
          "File": "motions/w-cute14-nod.motion3.json"
        }
      ],
      "w-cute14-pose": [
        {
          "FadeInTime": 0.5,
          "FadeOutTime": 0.5,
          "File": "motions/w-cute14-pose.motion3.json"
        }
      ],
      "w-cute14-shakehead": [
        {
          "FadeInTime": 0.5,
          "FadeOutTime": 0.5,
          "File": "motions/w-cute14-shakehead.motion3.json"
        }
      ],
      "w-cute14-smug": [
        {
          "FadeInTime": 0.5,
          "FadeOutTime": 0.5,
          "File": "motions/w-cute14-smug.motion3.json"
        }
      ],
      "w-cute14-tilthead": [
        {
          "FadeInTime": 0.5,
          "FadeOutTime": 0.5,
          "File": "motions/w-cute14-tilthead.motion3.json"
        }
      ],
      "w-happy01-shakehand": [
        {
          "FadeInTime": 0.5,
          "FadeOutTime": 0.5,
          "File": "motions/w-happy01-shakehand.motion3.json"
        }
      ],
      "w-happy02-nod": [
        {
          "FadeInTime": 0.5,
          "FadeOutTime": 0.5,
          "File": "motions/w-happy02-nod.motion3.json"
        }
      ],
      "w-happy02-pose": [
        {
          "FadeInTime": 0.5,
          "FadeOutTime": 0.5,
          "File": "motions/w-happy02-pose.motion3.json"
        }
      ],
      "w-happy02-purpose": [
        {
          "FadeInTime": 0.5,
          "FadeOutTime": 0.5,
          "File": "motions/w-happy02-purpose.motion3.json"
        }
      ],
      "w-happy02-shakehand": [
        {
          "FadeInTime": 0.5,
          "FadeOutTime": 0.5,
          "File": "motions/w-happy02-shakehand.motion3.json"
        }
      ],
      "w-happy09-angry": [
        {
          "FadeInTime": 0.5,
          "FadeOutTime": 0.5,
          "File": "motions/w-happy09-angry.motion3.json"
        }
      ],
      "w-happy09-forward": [
        {
          "FadeInTime": 0.5,
          "FadeOutTime": 0.5,
          "File": "motions/w-happy09-forward.motion3.json"
        }
      ],
      "w-happy09-nod": [
        {
          "FadeInTime": 0.5,
          "FadeOutTime": 0.5,
          "File": "motions/w-happy09-nod.motion3.json"
        }
      ],
      "w-happy09-sigh": [
        {
          "FadeInTime": 0.5,
          "FadeOutTime": 0.5,
          "File": "motions/w-happy09-sigh.motion3.json"
        }
      ],
      "w-happy09-tilthead": [
        {
          "FadeInTime": 0.5,
          "FadeOutTime": 0.5,
          "File": "motions/w-happy09-tilthead.motion3.json"
        }
      ],
      "w-happy11-guts": [
        {
          "FadeInTime": 0.5,
          "FadeOutTime": 0.5,
          "File": "motions/w-happy11-guts.motion3.json"
        }
      ],
      "w-happy11-piece": [
        {
          "FadeInTime": 0.5,
          "FadeOutTime": 0.5,
          "File": "motions/w-happy11-piece.motion3.json"
        }
      ],
      "w-happy11-pose": [
        {
          "FadeInTime": 0.5,
          "FadeOutTime": 0.5,
          "File": "motions/w-happy11-pose.motion3.json"
        }
      ],
      "w-happy11-shakehand": [
        {
          "FadeInTime": 0.5,
          "FadeOutTime": 0.5,
          "File": "motions/w-happy11-shakehand.motion3.json"
        }
      ],
      "w-happy14-angry": [
        {
          "FadeInTime": 0.5,
          "FadeOutTime": 0.5,
          "File": "motions/w-happy14-angry.motion3.json"
        }
      ],
      "w-happy14-forward": [
        {
          "FadeInTime": 0.5,
          "FadeOutTime": 0.5,
          "File": "motions/w-happy14-forward.motion3.json"
        }
      ],
      "w-happy14-glad": [
        {
          "FadeInTime": 0.5,
          "FadeOutTime": 0.5,
          "File": "motions/w-happy14-glad.motion3.json"
        }
      ],
      "w-happy14-lookaway": [
        {
          "FadeInTime": 0.5,
          "FadeOutTime": 0.5,
          "File": "motions/w-happy14-lookaway.motion3.json"
        }
      ],
      "w-happy14-nod": [
        {
          "FadeInTime": 0.5,
          "FadeOutTime": 0.5,
          "File": "motions/w-happy14-nod.motion3.json"
        }
      ],
      "w-happy14-pose": [
        {
          "FadeInTime": 0.5,
          "FadeOutTime": 0.5,
          "File": "motions/w-happy14-pose.motion3.json"
        }
      ],
      "w-happy14-shakehead": [
        {
          "FadeInTime": 0.5,
          "FadeOutTime": 0.5,
          "File": "motions/w-happy14-shakehead.motion3.json"
        }
      ],
      "w-happy14-shakeheadC": [
        {
          "FadeInTime": 0.5,
          "FadeOutTime": 0.5,
          "File": "motions/w-happy14-shakeheadC.motion3.json"
        }
      ],
      "w-happy14-tilthead": [
        {
          "FadeInTime": 0.5,
          "FadeOutTime": 0.5,
          "File": "motions/w-happy14-tilthead.motion3.json"
        }
      ],
      "w-happy16-nod": [
        {
          "FadeInTime": 0.5,
          "FadeOutTime": 0.5,
          "File": "motions/w-happy16-nod.motion3.json"
        }
      ],
      "w-happy16-sad": [
        {
          "FadeInTime": 0.5,
          "FadeOutTime": 0.5,
          "File": "motions/w-happy16-sad.motion3.json"
        }
      ],
      "w-happy16-shakehead": [
        {
          "FadeInTime": 0.5,
          "FadeOutTime": 0.5,
          "File": "motions/w-happy16-shakehead.motion3.json"
        }
      ],
      "w-happy16-tilthead": [
        {
          "FadeInTime": 0.5,
          "FadeOutTime": 0.5,
          "File": "motions/w-happy16-tilthead.motion3.json"
        }
      ],
      "w-normal01-glad": [
        {
          "FadeInTime": 0.5,
          "FadeOutTime": 0.5,
          "File": "motions/w-normal01-glad.motion3.json"
        }
      ],
      "w-normal01-guts": [
        {
          "FadeInTime": 0.5,
          "FadeOutTime": 0.5,
          "File": "motions/w-normal01-guts.motion3.json"
        }
      ],
      "w-normal01-nod": [
        {
          "FadeInTime": 0.5,
          "FadeOutTime": 0.5,
          "File": "motions/w-normal01-nod.motion3.json"
        }
      ],
      "w-normal01-piece": [
        {
          "FadeInTime": 0.5,
          "FadeOutTime": 0.5,
          "File": "motions/w-normal01-piece.motion3.json"
        }
      ],
      "w-normal01-pose": [
        {
          "FadeInTime": 0.5,
          "FadeOutTime": 0.5,
          "File": "motions/w-normal01-pose.motion3.json"
        }
      ],
      "w-normal01-purpose": [
        {
          "FadeInTime": 0.5,
          "FadeOutTime": 0.5,
          "File": "motions/w-normal01-purpose.motion3.json"
        }
      ],
      "w-normal01-shakehead": [
        {
          "FadeInTime": 0.5,
          "FadeOutTime": 0.5,
          "File": "motions/w-normal01-shakehead.motion3.json"
        }
      ],
      "w-normal01-tilthead": [
        {
          "FadeInTime": 0.5,
          "FadeOutTime": 0.5,
          "File": "motions/w-normal01-tilthead.motion3.json"
        }
      ],
      "w-normal0103-tilthead": [
        {
          "FadeInTime": 0.5,
          "FadeOutTime": 0.5,
          "File": "motions/w-normal0103-tilthead.motion3.json"
        }
      ],
      "w-normal0107-tilthead": [
        {
          "FadeInTime": 0.5,
          "FadeOutTime": 0.5,
          "File": "motions/w-normal0107-tilthead.motion3.json"
        }
      ],
      "w-normal0115-tilthead": [
        {
          "FadeInTime": 0.5,
          "FadeOutTime": 0.5,
          "File": "motions/w-normal0115-tilthead.motion3.json"
        }
      ],
      "w-normal02-piece": [
        {
          "FadeInTime": 0.5,
          "FadeOutTime": 0.5,
          "File": "motions/w-normal02-piece.motion3.json"
        }
      ],
      "w-normal02-shakehead": [
        {
          "FadeInTime": 0.5,
          "FadeOutTime": 0.5,
          "File": "motions/w-normal02-shakehead.motion3.json"
        }
      ],
      "w-normal03-blushed": [
        {
          "FadeInTime": 0.5,
          "FadeOutTime": 0.5,
          "File": "motions/w-normal03-blushed.motion3.json"
        }
      ],
      "w-normal03-forward": [
        {
          "FadeInTime": 0.5,
          "FadeOutTime": 0.5,
          "File": "motions/w-normal03-forward.motion3.json"
        }
      ],
      "w-normal03-lookleft": [
        {
          "FadeInTime": 0.5,
          "FadeOutTime": 0.5,
          "File": "motions/w-normal03-lookleft.motion3.json"
        }
      ],
      "w-normal03-lookright": [
        {
          "FadeInTime": 0.5,
          "FadeOutTime": 0.5,
          "File": "motions/w-normal03-lookright.motion3.json"
        }
      ],
      "w-normal03-nod": [
        {
          "FadeInTime": 0.5,
          "FadeOutTime": 0.5,
          "File": "motions/w-normal03-nod.motion3.json"
        }
      ],
      "w-normal03-pose": [
        {
          "FadeInTime": 0.5,
          "FadeOutTime": 0.5,
          "File": "motions/w-normal03-pose.motion3.json"
        }
      ],
      "w-normal03-relief": [
        {
          "FadeInTime": 0.5,
          "FadeOutTime": 0.5,
          "File": "motions/w-normal03-relief.motion3.json"
        }
      ],
      "w-normal03-shakehead": [
        {
          "FadeInTime": 0.5,
          "FadeOutTime": 0.5,
          "File": "motions/w-normal03-shakehead.motion3.json"
        }
      ],
      "w-normal03-shakeheadB": [
        {
          "FadeInTime": 0.5,
          "FadeOutTime": 0.5,
          "File": "motions/w-normal03-shakeheadB.motion3.json"
        }
      ],
      "w-normal03-tilthead": [
        {
          "FadeInTime": 0.5,
          "FadeOutTime": 0.5,
          "File": "motions/w-normal03-tilthead.motion3.json"
        }
      ],
      "w-normal03-tiltheadB": [
        {
          "FadeInTime": 0.5,
          "FadeOutTime": 0.5,
          "File": "motions/w-normal03-tiltheadB.motion3.json"
        }
      ],
      "w-normal03-trouble": [
        {
          "FadeInTime": 0.5,
          "FadeOutTime": 0.5,
          "File": "motions/w-normal03-trouble.motion3.json"
        }
      ],
      "w-normal0301-tilthead": [
        {
          "FadeInTime": 0.5,
          "FadeOutTime": 0.5,
          "File": "motions/w-normal0301-tilthead.motion3.json"
        }
      ],
      "w-normal0316-tilthead": [
        {
          "FadeInTime": 0.5,
          "FadeOutTime": 0.5,
          "File": "motions/w-normal0316-tilthead.motion3.json"
        }
      ],
      "w-normal04-blushed": [
        {
          "FadeInTime": 0.5,
          "FadeOutTime": 0.5,
          "File": "motions/w-normal04-blushed.motion3.json"
        }
      ],
      "w-normal04-forward": [
        {
          "FadeInTime": 0.5,
          "FadeOutTime": 0.5,
          "File": "motions/w-normal04-forward.motion3.json"
        }
      ],
      "w-normal04-nod": [
        {
          "FadeInTime": 0.5,
          "FadeOutTime": 0.5,
          "File": "motions/w-normal04-nod.motion3.json"
        }
      ],
      "w-normal04-pose": [
        {
          "FadeInTime": 0.5,
          "FadeOutTime": 0.5,
          "File": "motions/w-normal04-pose.motion3.json"
        }
      ],
      "w-normal04-relief": [
        {
          "FadeInTime": 0.5,
          "FadeOutTime": 0.5,
          "File": "motions/w-normal04-relief.motion3.json"
        }
      ],
      "w-normal04-shakehead": [
        {
          "FadeInTime": 0.5,
          "FadeOutTime": 0.5,
          "File": "motions/w-normal04-shakehead.motion3.json"
        }
      ],
      "w-normal04-tilthead": [
        {
          "FadeInTime": 0.5,
          "FadeOutTime": 0.5,
          "File": "motions/w-normal04-tilthead.motion3.json"
        }
      ],
      "w-normal04-trouble": [
        {
          "FadeInTime": 0.5,
          "FadeOutTime": 0.5,
          "File": "motions/w-normal04-trouble.motion3.json"
        }
      ],
      "w-normal07-nod": [
        {
          "FadeInTime": 0.5,
          "FadeOutTime": 0.5,
          "File": "motions/w-normal07-nod.motion3.json"
        }
      ],
      "w-normal07-pose": [
        {
          "FadeInTime": 0.5,
          "FadeOutTime": 0.5,
          "File": "motions/w-normal07-pose.motion3.json"
        }
      ],
      "w-normal07-sad": [
        {
          "FadeInTime": 0.5,
          "FadeOutTime": 0.5,
          "File": "motions/w-normal07-sad.motion3.json"
        }
      ],
      "w-normal07-shakehead": [
        {
          "FadeInTime": 0.5,
          "FadeOutTime": 0.5,
          "File": "motions/w-normal07-shakehead.motion3.json"
        }
      ],
      "w-normal07-sigh": [
        {
          "FadeInTime": 0.5,
          "FadeOutTime": 0.5,
          "File": "motions/w-normal07-sigh.motion3.json"
        }
      ],
      "w-normal07-tilthead": [
        {
          "FadeInTime": 0.5,
          "FadeOutTime": 0.5,
          "File": "motions/w-normal07-tilthead.motion3.json"
        }
      ],
      "w-normal0701-tilthead": [
        {
          "FadeInTime": 0.5,
          "FadeOutTime": 0.5,
          "File": "motions/w-normal0701-tilthead.motion3.json"
        }
      ],
      "w-normal07cool02-tilthead": [
        {
          "FadeInTime": 0.5,
          "FadeOutTime": 0.5,
          "File": "motions/w-normal07cool02-tilthead.motion3.json"
        }
      ],
      "w-normal08-nod": [
        {
          "FadeInTime": 0.5,
          "FadeOutTime": 0.5,
          "File": "motions/w-normal08-nod.motion3.json"
        }
      ],
      "w-normal08-pose": [
        {
          "FadeInTime": 0.5,
          "FadeOutTime": 0.5,
          "File": "motions/w-normal08-pose.motion3.json"
        }
      ],
      "w-normal08-sad": [
        {
          "FadeInTime": 0.5,
          "FadeOutTime": 0.5,
          "File": "motions/w-normal08-sad.motion3.json"
        }
      ],
      "w-normal08-tilthead": [
        {
          "FadeInTime": 0.5,
          "FadeOutTime": 0.5,
          "File": "motions/w-normal08-tilthead.motion3.json"
        }
      ],
      "w-normal15-greeting": [
        {
          "FadeInTime": 0.5,
          "FadeOutTime": 0.5,
          "File": "motions/w-normal15-greeting.motion3.json"
        }
      ],
      "w-normal15-lookaround": [
        {
          "FadeInTime": 0.5,
          "FadeOutTime": 0.5,
          "File": "motions/w-normal15-lookaround.motion3.json"
        }
      ],
      "w-normal15-lookleft": [
        {
          "FadeInTime": 0.5,
          "FadeOutTime": 0.5,
          "File": "motions/w-normal15-lookleft.motion3.json"
        }
      ],
      "w-normal15-lookright": [
        {
          "FadeInTime": 0.5,
          "FadeOutTime": 0.5,
          "File": "motions/w-normal15-lookright.motion3.json"
        }
      ],
      "w-normal15-nod": [
        {
          "FadeInTime": 0.5,
          "FadeOutTime": 0.5,
          "File": "motions/w-normal15-nod.motion3.json"
        }
      ],
      "w-normal15-pose": [
        {
          "FadeInTime": 0.5,
          "FadeOutTime": 0.5,
          "File": "motions/w-normal15-pose.motion3.json"
        }
      ],
      "w-normal15-shakehead": [
        {
          "FadeInTime": 0.5,
          "FadeOutTime": 0.5,
          "File": "motions/w-normal15-shakehead.motion3.json"
        }
      ],
      "w-normal15-shy": [
        {
          "FadeInTime": 0.5,
          "FadeOutTime": 0.5,
          "File": "motions/w-normal15-shy.motion3.json"
        }
      ],
      "w-normal15-tilthead": [
        {
          "FadeInTime": 0.5,
          "FadeOutTime": 0.5,
          "File": "motions/w-normal15-tilthead.motion3.json"
        }
      ],
      "w-normal1501-tilthead": [
        {
          "FadeInTime": 0.5,
          "FadeOutTime": 0.5,
          "File": "motions/w-normal1501-tilthead.motion3.json"
        }
      ],
      "w-normal1503-tilthead": [
        {
          "FadeInTime": 0.5,
          "FadeOutTime": 0.5,
          "File": "motions/w-normal1503-tilthead.motion3.json"
        }
      ],
      "w-normal16-angry": [
        {
          "FadeInTime": 0.5,
          "FadeOutTime": 0.5,
          "File": "motions/w-normal16-angry.motion3.json"
        }
      ],
      "w-normal16-forward": [
        {
          "FadeInTime": 0.5,
          "FadeOutTime": 0.5,
          "File": "motions/w-normal16-forward.motion3.json"
        }
      ],
      "w-normal16-nod": [
        {
          "FadeInTime": 0.5,
          "FadeOutTime": 0.5,
          "File": "motions/w-normal16-nod.motion3.json"
        }
      ],
      "w-normal16-pose": [
        {
          "FadeInTime": 0.5,
          "FadeOutTime": 0.5,
          "File": "motions/w-normal16-pose.motion3.json"
        }
      ],
      "w-normal16-shakehead": [
        {
          "FadeInTime": 0.5,
          "FadeOutTime": 0.5,
          "File": "motions/w-normal16-shakehead.motion3.json"
        }
      ],
      "w-normal16-tilthead": [
        {
          "FadeInTime": 0.5,
          "FadeOutTime": 0.5,
          "File": "motions/w-normal16-tilthead.motion3.json"
        }
      ],
      "w-normal1603-tilthead": [
        {
          "FadeInTime": 0.5,
          "FadeOutTime": 0.5,
          "File": "motions/w-normal1603-tilthead.motion3.json"
        }
      ],
      "w-normal1605-tilthead": [
        {
          "FadeInTime": 0.5,
          "FadeOutTime": 0.5,
          "File": "motions/w-normal1605-tilthead.motion3.json"
        }
      ],
      "w-normal1607-tilthead": [
        {
          "FadeInTime": 0.5,
          "FadeOutTime": 0.5,
          "File": "motions/w-normal1607-tilthead.motion3.json"
        }
      ],
      "w-normal16cute12-nodshakehead": [
        {
          "FadeInTime": 0.5,
          "FadeOutTime": 0.5,
          "File": "motions/w-normal16cute12-nodshakehead.motion3.json"
        }
      ],
      "w-normal17-fidget": [
        {
          "FadeInTime": 0.5,
          "FadeOutTime": 0.5,
          "File": "motions/w-normal17-fidget.motion3.json"
        }
      ],
      "w-normal17-forward": [
        {
          "FadeInTime": 0.5,
          "FadeOutTime": 0.5,
          "File": "motions/w-normal17-forward.motion3.json"
        }
      ],
      "w-normal17-nod": [
        {
          "FadeInTime": 0.5,
          "FadeOutTime": 0.5,
          "File": "motions/w-normal17-nod.motion3.json"
        }
      ],
      "w-normal17-pose": [
        {
          "FadeInTime": 0.5,
          "FadeOutTime": 0.5,
          "File": "motions/w-normal17-pose.motion3.json"
        }
      ],
      "w-normal17-shakehead": [
        {
          "FadeInTime": 0.5,
          "FadeOutTime": 0.5,
          "File": "motions/w-normal17-shakehead.motion3.json"
        }
      ],
      "w-normal17-tilthead": [
        {
          "FadeInTime": 0.5,
          "FadeOutTime": 0.5,
          "File": "motions/w-normal17-tilthead.motion3.json"
        }
      ],
      "w-normal1701-tilthead": [
        {
          "FadeInTime": 0.5,
          "FadeOutTime": 0.5,
          "File": "motions/w-normal1701-tilthead.motion3.json"
        }
      ],
      "w-noromal16-angry": [
        {
          "FadeInTime": 0.5,
          "FadeOutTime": 0.5,
          "File": "motions/w-noromal16-angry.motion3.json"
        }
      ],
      "w-noromal16-forward": [
        {
          "FadeInTime": 0.5,
          "FadeOutTime": 0.5,
          "File": "motions/w-noromal16-forward.motion3.json"
        }
      ],
      "w-noromal16-nod": [
        {
          "FadeInTime": 0.5,
          "FadeOutTime": 0.5,
          "File": "motions/w-noromal16-nod.motion3.json"
        }
      ],
      "w-noromal16-pose": [
        {
          "FadeInTime": 0.5,
          "FadeOutTime": 0.5,
          "File": "motions/w-noromal16-pose.motion3.json"
        }
      ],
      "w-noromal16-shakehead": [
        {
          "FadeInTime": 0.5,
          "FadeOutTime": 0.5,
          "File": "motions/w-noromal16-shakehead.motion3.json"
        }
      ],
      "w-noromal16-tilthead": [
        {
          "FadeInTime": 0.5,
          "FadeOutTime": 0.5,
          "File": "motions/w-noromal16-tilthead.motion3.json"
        }
      ],
      "w-pure12-fidget": [
        {
          "FadeInTime": 0.5,
          "FadeOutTime": 0.5,
          "File": "motions/w-pure12-fidget.motion3.json"
        }
      ],
      "w-pure12-nod": [
        {
          "FadeInTime": 0.5,
          "FadeOutTime": 0.5,
          "File": "motions/w-pure12-nod.motion3.json"
        }
      ],
      "w-pure12-pose": [
        {
          "FadeInTime": 0.5,
          "FadeOutTime": 0.5,
          "File": "motions/w-pure12-pose.motion3.json"
        }
      ],
      "w-pure12-shakehead": [
        {
          "FadeInTime": 0.5,
          "FadeOutTime": 0.5,
          "File": "motions/w-pure12-shakehead.motion3.json"
        }
      ],
      "w-pure12-shy": [
        {
          "FadeInTime": 0.5,
          "FadeOutTime": 0.5,
          "File": "motions/w-pure12-shy.motion3.json"
        }
      ],
      "w-pure12-tilthead": [
        {
          "FadeInTime": 0.5,
          "FadeOutTime": 0.5,
          "File": "motions/w-pure12-tilthead.motion3.json"
        }
      ],
      "w-special01-cry01": [
        {
          "FadeInTime": 0.5,
          "FadeOutTime": 0.5,
          "File": "motions/w-special01-cry01.motion3.json"
        }
      ],
      "w-special01-cry01B": [
        {
          "FadeInTime": 0.5,
          "FadeOutTime": 0.5,
          "File": "motions/w-special01-cry01B.motion3.json"
        }
      ],
      "w-special02-guruguru": [
        {
          "FadeInTime": 0.5,
          "FadeOutTime": 0.5,
          "File": "motions/w-special02-guruguru.motion3.json"
        }
      ],
      "w-special11-cheek": [
        {
          "FadeInTime": 0.5,
          "FadeOutTime": 0.5,
          "File": "motions/w-special11-cheek.motion3.json"
        }
      ],
      "w-special11-cheekB": [
        {
          "FadeInTime": 0.5,
          "FadeOutTime": 0.5,
          "File": "motions/w-special11-cheekB.motion3.json"
        }
      ],
      "w-special11-cheekC": [
        {
          "FadeInTime": 0.5,
          "FadeOutTime": 0.5,
          "File": "motions/w-special11-cheekC.motion3.json"
        }
      ],
      "w-special11-wandahoi": [
        {
          "FadeInTime": 0.5,
          "FadeOutTime": 0.5,
          "File": "motions/w-special11-wandahoi.motion3.json"
        }
      ],
      "w-special15-yurayura": [
        {
          "FadeInTime": 0.5,
          "FadeOutTime": 0.5,
          "File": "motions/w-special15-yurayura.motion3.json"
        }
      ],
      "face_angry_01": [
        {
          "FadeInTime": 0.5,
          "FadeOutTime": 0.5,
          "File": "motions/face_angry_01.motion3.json"
        }
      ],
      "face_angry_02": [
        {
          "FadeInTime": 0.5,
          "FadeOutTime": 0.5,
          "File": "motions/face_angry_02.motion3.json"
        }
      ],
      "face_angry_03": [
        {
          "FadeInTime": 0.5,
          "FadeOutTime": 0.5,
          "File": "motions/face_angry_03.motion3.json"
        }
      ],
      "face_angry_04": [
        {
          "FadeInTime": 0.5,
          "FadeOutTime": 0.5,
          "File": "motions/face_angry_04.motion3.json"
        }
      ],
      "face_angry_05": [
        {
          "FadeInTime": 0.5,
          "FadeOutTime": 0.5,
          "File": "motions/face_angry_05.motion3.json"
        }
      ],
      "face_angry_06": [
        {
          "FadeInTime": 0.5,
          "FadeOutTime": 0.5,
          "File": "motions/face_angry_06.motion3.json"
        }
      ],
      "face_angry_07": [
        {
          "FadeInTime": 0.5,
          "FadeOutTime": 0.5,
          "File": "motions/face_angry_07.motion3.json"
        }
      ],
      "face_angry_08": [
        {
          "FadeInTime": 0.5,
          "FadeOutTime": 0.5,
          "File": "motions/face_angry_08.motion3.json"
        }
      ],
      "face_angry_09": [
        {
          "FadeInTime": 0.5,
          "FadeOutTime": 0.5,
          "File": "motions/face_angry_09.motion3.json"
        }
      ],
      "face_closeeye_01": [
        {
          "FadeInTime": 0.5,
          "FadeOutTime": 0.5,
          "File": "motions/face_closeeye_01.motion3.json"
        }
      ],
      "face_closeeye_02": [
        {
          "FadeInTime": 0.5,
          "FadeOutTime": 0.5,
          "File": "motions/face_closeeye_02.motion3.json"
        }
      ],
      "face_closeeye_03": [
        {
          "FadeInTime": 0.5,
          "FadeOutTime": 0.5,
          "File": "motions/face_closeeye_03.motion3.json"
        }
      ],
      "face_closeeye_04": [
        {
          "FadeInTime": 0.5,
          "FadeOutTime": 0.5,
          "File": "motions/face_closeeye_04.motion3.json"
        }
      ],
      "face_closeeye_05": [
        {
          "FadeInTime": 0.5,
          "FadeOutTime": 0.5,
          "File": "motions/face_closeeye_05.motion3.json"
        }
      ],
      "face_cry_01": [
        {
          "FadeInTime": 0.5,
          "FadeOutTime": 0.5,
          "File": "motions/face_cry_01.motion3.json"
        }
      ],
      "face_cry_02": [
        {
          "FadeInTime": 0.5,
          "FadeOutTime": 0.5,
          "File": "motions/face_cry_02.motion3.json"
        }
      ],
      "face_cry_03": [
        {
          "FadeInTime": 0.5,
          "FadeOutTime": 0.5,
          "File": "motions/face_cry_03.motion3.json"
        }
      ],
      "face_cry_04": [
        {
          "FadeInTime": 0.5,
          "FadeOutTime": 0.5,
          "File": "motions/face_cry_04.motion3.json"
        }
      ],
      "face_cry_05": [
        {
          "FadeInTime": 0.5,
          "FadeOutTime": 0.5,
          "File": "motions/face_cry_05.motion3.json"
        }
      ],
      "face_cry_06": [
        {
          "FadeInTime": 0.5,
          "FadeOutTime": 0.5,
          "File": "motions/face_cry_06.motion3.json"
        }
      ],
      "face_cry_07": [
        {
          "FadeInTime": 0.5,
          "FadeOutTime": 0.5,
          "File": "motions/face_cry_07.motion3.json"
        }
      ],
      "face_cry_08": [
        {
          "FadeInTime": 0.5,
          "FadeOutTime": 0.5,
          "File": "motions/face_cry_08.motion3.json"
        }
      ],
      "face_cry_09": [
        {
          "FadeInTime": 0.5,
          "FadeOutTime": 0.5,
          "File": "motions/face_cry_09.motion3.json"
        }
      ],
      "face_cry_10": [
        {
          "FadeInTime": 0.5,
          "FadeOutTime": 0.5,
          "File": "motions/face_cry_10.motion3.json"
        }
      ],
      "face_disgorge_01": [
        {
          "FadeInTime": 0.5,
          "FadeOutTime": 0.5,
          "File": "motions/face_disgorge_01.motion3.json"
        }
      ],
      "face_eat_01": [
        {
          "FadeInTime": 0.5,
          "FadeOutTime": 0.5,
          "File": "motions/face_eat_01.motion3.json"
        }
      ],
      "face_emptiness_01": [
        {
          "FadeInTime": 0.5,
          "FadeOutTime": 0.5,
          "File": "motions/face_emptiness_01.motion3.json"
        }
      ],
      "face_e_01": [
        {
          "FadeInTime": 0.5,
          "FadeOutTime": 0.5,
          "File": "motions/face_e_01.motion3.json"
        }
      ],
      "face_lookaway_01": [
        {
          "FadeInTime": 0.5,
          "FadeOutTime": 0.5,
          "File": "motions/face_lookaway_01.motion3.json"
        }
      ],
      "face_lookaway_02": [
        {
          "FadeInTime": 0.5,
          "FadeOutTime": 0.5,
          "File": "motions/face_lookaway_02.motion3.json"
        }
      ],
      "face_lookaway_03l": [
        {
          "FadeInTime": 0.5,
          "FadeOutTime": 0.5,
          "File": "motions/face_lookaway_03l.motion3.json"
        }
      ],
      "face_lookaway_03r": [
        {
          "FadeInTime": 0.5,
          "FadeOutTime": 0.5,
          "File": "motions/face_lookaway_03r.motion3.json"
        }
      ],
      "face_nhinormal_01": [
        {
          "FadeInTime": 0.5,
          "FadeOutTime": 0.5,
          "File": "motions/face_nhinormal_01.motion3.json"
        }
      ],
      "face_nhisad_02": [
        {
          "FadeInTime": 0.5,
          "FadeOutTime": 0.5,
          "File": "motions/face_nhisad_02.motion3.json"
        }
      ],
      "face_nhismile_08": [
        {
          "FadeInTime": 0.5,
          "FadeOutTime": 0.5,
          "File": "motions/face_nhismile_08.motion3.json"
        }
      ],
      "face_normal_01": [
        {
          "FadeInTime": 0.5,
          "FadeOutTime": 0.5,
          "File": "motions/face_normal_01.motion3.json"
        }
      ],
      "face_osangry_01": [
        {
          "FadeInTime": 0.5,
          "FadeOutTime": 0.5,
          "File": "motions/face_osangry_01.motion3.json"
        }
      ],
      "face_osangry_10": [
        {
          "FadeInTime": 0.5,
          "FadeOutTime": 0.5,
          "File": "motions/face_osangry_10.motion3.json"
        }
      ],
      "face_ossad_05": [
        {
          "FadeInTime": 0.5,
          "FadeOutTime": 0.5,
          "File": "motions/face_ossad_05.motion3.json"
        }
      ],
      "face_ossad_07": [
        {
          "FadeInTime": 0.5,
          "FadeOutTime": 0.5,
          "File": "motions/face_ossad_07.motion3.json"
        }
      ],
      "face_sad_01": [
        {
          "FadeInTime": 0.5,
          "FadeOutTime": 0.5,
          "File": "motions/face_sad_01.motion3.json"
        }
      ],
      "face_sad_02": [
        {
          "FadeInTime": 0.5,
          "FadeOutTime": 0.5,
          "File": "motions/face_sad_02.motion3.json"
        }
      ],
      "face_sad_03": [
        {
          "FadeInTime": 0.5,
          "FadeOutTime": 0.5,
          "File": "motions/face_sad_03.motion3.json"
        }
      ],
      "face_sad_04": [
        {
          "FadeInTime": 0.5,
          "FadeOutTime": 0.5,
          "File": "motions/face_sad_04.motion3.json"
        }
      ],
      "face_sad_05": [
        {
          "FadeInTime": 0.5,
          "FadeOutTime": 0.5,
          "File": "motions/face_sad_05.motion3.json"
        }
      ],
      "face_sad_06": [
        {
          "FadeInTime": 0.5,
          "FadeOutTime": 0.5,
          "File": "motions/face_sad_06.motion3.json"
        }
      ],
      "face_sad_07": [
        {
          "FadeInTime": 0.5,
          "FadeOutTime": 0.5,
          "File": "motions/face_sad_07.motion3.json"
        }
      ],
      "face_sad_08": [
        {
          "FadeInTime": 0.5,
          "FadeOutTime": 0.5,
          "File": "motions/face_sad_08.motion3.json"
        }
      ],
      "face_scared_01": [
        {
          "FadeInTime": 0.5,
          "FadeOutTime": 0.5,
          "File": "motions/face_scared_01.motion3.json"
        }
      ],
      "face_scared_02": [
        {
          "FadeInTime": 0.5,
          "FadeOutTime": 0.5,
          "File": "motions/face_scared_02.motion3.json"
        }
      ],
      "face_scared_03": [
        {
          "FadeInTime": 0.5,
          "FadeOutTime": 0.5,
          "File": "motions/face_scared_03.motion3.json"
        }
      ],
      "face_serious_01": [
        {
          "FadeInTime": 0.5,
          "FadeOutTime": 0.5,
          "File": "motions/face_serious_01.motion3.json"
        }
      ],
      "face_serious_02": [
        {
          "FadeInTime": 0.5,
          "FadeOutTime": 0.5,
          "File": "motions/face_serious_02.motion3.json"
        }
      ],
      "face_shock_01": [
        {
          "FadeInTime": 0.5,
          "FadeOutTime": 0.5,
          "File": "motions/face_shock_01.motion3.json"
        }
      ],
      "face_shy_01": [
        {
          "FadeInTime": 0.5,
          "FadeOutTime": 0.5,
          "File": "motions/face_shy_01.motion3.json"
        }
      ],
      "face_shy_02": [
        {
          "FadeInTime": 0.5,
          "FadeOutTime": 0.5,
          "File": "motions/face_shy_02.motion3.json"
        }
      ],
      "face_sleepy_01": [
        {
          "FadeInTime": 0.5,
          "FadeOutTime": 0.5,
          "File": "motions/face_sleepy_01.motion3.json"
        }
      ],
      "face_sleepy_02": [
        {
          "FadeInTime": 0.5,
          "FadeOutTime": 0.5,
          "File": "motions/face_sleepy_02.motion3.json"
        }
      ],
      "face_sleepy_03": [
        {
          "FadeInTime": 0.5,
          "FadeOutTime": 0.5,
          "File": "motions/face_sleepy_03.motion3.json"
        }
      ],
      "face_sleepy_04": [
        {
          "FadeInTime": 0.5,
          "FadeOutTime": 0.5,
          "File": "motions/face_sleepy_04.motion3.json"
        }
      ],
      "face_sleepy_05": [
        {
          "FadeInTime": 0.5,
          "FadeOutTime": 0.5,
          "File": "motions/face_sleepy_05.motion3.json"
        }
      ],
      "face_sleepy_06": [
        {
          "FadeInTime": 0.5,
          "FadeOutTime": 0.5,
          "File": "motions/face_sleepy_06.motion3.json"
        }
      ],
      "face_sleepy_07": [
        {
          "FadeInTime": 0.5,
          "FadeOutTime": 0.5,
          "File": "motions/face_sleepy_07.motion3.json"
        }
      ],
      "face_smallmouth_01": [
        {
          "FadeInTime": 0.5,
          "FadeOutTime": 0.5,
          "File": "motions/face_smallmouth_01.motion3.json"
        }
      ],
      "face_smile_01": [
        {
          "FadeInTime": 0.5,
          "FadeOutTime": 0.5,
          "File": "motions/face_smile_01.motion3.json"
        }
      ],
      "face_smile_02": [
        {
          "FadeInTime": 0.5,
          "FadeOutTime": 0.5,
          "File": "motions/face_smile_02.motion3.json"
        }
      ],
      "face_smile_03": [
        {
          "FadeInTime": 0.5,
          "FadeOutTime": 0.5,
          "File": "motions/face_smile_03.motion3.json"
        }
      ],
      "face_smile_04": [
        {
          "FadeInTime": 0.5,
          "FadeOutTime": 0.5,
          "File": "motions/face_smile_04.motion3.json"
        }
      ],
      "face_smile_05": [
        {
          "FadeInTime": 0.5,
          "FadeOutTime": 0.5,
          "File": "motions/face_smile_05.motion3.json"
        }
      ],
      "face_smile_06": [
        {
          "FadeInTime": 0.5,
          "FadeOutTime": 0.5,
          "File": "motions/face_smile_06.motion3.json"
        }
      ],
      "face_smile_07": [
        {
          "FadeInTime": 0.5,
          "FadeOutTime": 0.5,
          "File": "motions/face_smile_07.motion3.json"
        }
      ],
      "face_smile_08": [
        {
          "FadeInTime": 0.5,
          "FadeOutTime": 0.5,
          "File": "motions/face_smile_08.motion3.json"
        }
      ],
      "face_smile_09": [
        {
          "FadeInTime": 0.5,
          "FadeOutTime": 0.5,
          "File": "motions/face_smile_09.motion3.json"
        }
      ],
      "face_smile_10": [
        {
          "FadeInTime": 0.5,
          "FadeOutTime": 0.5,
          "File": "motions/face_smile_10.motion3.json"
        }
      ],
      "face_smile_11": [
        {
          "FadeInTime": 0.5,
          "FadeOutTime": 0.5,
          "File": "motions/face_smile_11.motion3.json"
        }
      ],
      "face_sneeze_01": [
        {
          "FadeInTime": 0.5,
          "FadeOutTime": 0.5,
          "File": "motions/face_sneeze_01.motion3.json"
        }
      ],
      "face_sparkling_01": [
        {
          "FadeInTime": 0.5,
          "FadeOutTime": 0.5,
          "File": "motions/face_sparkling_01.motion3.json"
        }
      ],
      "face_sparkling_02": [
        {
          "FadeInTime": 0.5,
          "FadeOutTime": 0.5,
          "File": "motions/face_sparkling_02.motion3.json"
        }
      ],
      "face_surprise_01": [
        {
          "FadeInTime": 0.5,
          "FadeOutTime": 0.5,
          "File": "motions/face_surprise_01.motion3.json"
        }
      ],
      "face_surprise_02": [
        {
          "FadeInTime": 0.5,
          "FadeOutTime": 0.5,
          "File": "motions/face_surprise_02.motion3.json"
        }
      ],
      "face_surprise_03": [
        {
          "FadeInTime": 0.5,
          "FadeOutTime": 0.5,
          "File": "motions/face_surprise_03.motion3.json"
        }
      ],
      "face_surprise_04": [
        {
          "FadeInTime": 0.5,
          "FadeOutTime": 0.5,
          "File": "motions/face_surprise_04.motion3.json"
        }
      ],
      "face_surprise_05": [
        {
          "FadeInTime": 0.5,
          "FadeOutTime": 0.5,
          "File": "motions/face_surprise_05.motion3.json"
        }
      ],
      "face_tired_01": [
        {
          "FadeInTime": 0.5,
          "FadeOutTime": 0.5,
          "File": "motions/face_tired_01.motion3.json"
        }
      ],
      "face_trouble_01": [
        {
          "FadeInTime": 0.5,
          "FadeOutTime": 0.5,
          "File": "motions/face_trouble_01.motion3.json"
        }
      ],
      "face_trouble_02": [
        {
          "FadeInTime": 0.5,
          "FadeOutTime": 0.5,
          "File": "motions/face_trouble_02.motion3.json"
        }
      ],
      "face_trouble_03": [
        {
          "FadeInTime": 0.5,
          "FadeOutTime": 0.5,
          "File": "motions/face_trouble_03.motion3.json"
        }
      ],
      "face_trouble_04": [
        {
          "FadeInTime": 0.5,
          "FadeOutTime": 0.5,
          "File": "motions/face_trouble_04.motion3.json"
        }
      ],
      "face_trouble_05": [
        {
          "FadeInTime": 0.5,
          "FadeOutTime": 0.5,
          "File": "motions/face_trouble_05.motion3.json"
        }
      ],
      "face_yawn_01": [
        {
          "FadeInTime": 0.5,
          "FadeOutTime": 0.5,
          "File": "motions/face_yawn_01.motion3.json"
        }
      ]
    },
    "Physics": "19ena_clathes2_4_t04.physics3.json",
    "Textures": [
      "19ena_clathes2_4_t04.2048/texture_00.png"
    ]
  },
  "Groups": [
    {
      "Ids": [],
      "Name": "EyeBlink",
      "Target": "Parameter"
    },
    {
      "Ids": [],
      "Name": "LipSync",
      "Target": "Parameter"
    }
  ],
  "Version": 3
}